data,variable,ae,np
2021-01-01,tmed,22.0666666666667,22.9
2021-01-01,ur,62.5416666666667,59.06
2021-01-01,tmin,16,15.08
2021-01-01,tmax,29.1,30.47
2021-01-01,prec,0,0.01
2021-01-02,tmed,23.4,23.96
2021-01-02,ur,57.2083333333333,57.62
2021-01-02,tmin,17.6,15.92
2021-01-02,tmax,29.6,31.79
2021-01-02,prec,0,0.53
2021-01-03,tmed,24.4041666666667,25.62
2021-01-03,ur,57.0416666666667,60.5
2021-01-03,tmin,18.9,17.68
2021-01-03,tmax,31,32.88
2021-01-03,prec,0,0.98
2021-01-04,tmed,23.4375,25.53
2021-01-04,ur,69.8333333333333,66.31
2021-01-04,tmin,18.8,19.83
2021-01-04,tmax,29,33.34
2021-01-04,prec,3.2,1.03
2021-01-05,tmed,22.2125,23.23
2021-01-05,ur,87.5416666666667,83.81
2021-01-05,tmin,20,20.87
2021-01-05,tmax,25.1,25.66
2021-01-05,prec,9.4,15.18
2021-01-06,tmed,23.225,25.57
2021-01-06,ur,81.5416666666667,76.31
2021-01-06,tmin,20.3,19.43
2021-01-06,tmax,29,31.25
2021-01-06,prec,0.6,4.3
2021-01-07,tmed,23.4375,23.99
2021-01-07,ur,82.3333333333333,79.31
2021-01-07,tmin,20.6,21.26
2021-01-07,tmax,26.7,26.83
2021-01-07,prec,3,1.98
2021-01-08,tmed,24.9166666666667,25.47
2021-01-08,ur,67.4166666666667,64.38
2021-01-08,tmin,19.4,18.97
2021-01-08,tmax,30.7,31.93
2021-01-08,prec,0,1.89
2021-01-09,tmed,23.6458333333333,26.6
2021-01-09,ur,70.9583333333333,66.19
2021-01-09,tmin,19.4,18.16
2021-01-09,tmax,31,33.3
2021-01-09,prec,4.8,4.7
2021-01-10,tmed,25.125,28.03
2021-01-10,ur,78.2916666666667,70.75
2021-01-10,tmin,20.5,22.96
2021-01-10,tmax,31.6,33.22
2021-01-10,prec,0,1.32
2021-01-11,tmed,27.1791666666667,28.15
2021-01-11,ur,74.4583333333333,70.81
2021-01-11,tmin,22.8,22.87
2021-01-11,tmax,32.2,33.87
2021-01-11,prec,0.6,0.7
2021-01-12,tmed,24.6666666666667,28.21
2021-01-12,ur,74.7083333333333,69.62
2021-01-12,tmin,22.1,22.64
2021-01-12,tmax,28.6,34.05
2021-01-12,prec,0,1.64
2021-01-13,tmed,24.4583333333333,25.34
2021-01-13,ur,73,71.5
2021-01-13,tmin,21.5,20.87
2021-01-13,tmax,29.2,31.9
2021-01-13,prec,0,7.6
2021-01-14,tmed,24.9875,25.11
2021-01-14,ur,66.625,63.69
2021-01-14,tmin,20.1,18.93
2021-01-14,tmax,31.3,31.62
2021-01-14,prec,0,0.32
2021-01-15,tmed,26.3458333333333,26.4
2021-01-15,ur,62.6666666666667,64.44
2021-01-15,tmin,21,20.41
2021-01-15,tmax,31.5,31.96
2021-01-15,prec,0,0.31
2021-01-16,tmed,25.2,26.63
2021-01-16,ur,77,74.12
2021-01-16,tmin,23.2,23.23
2021-01-16,tmax,28.4,31.58
2021-01-16,prec,16,16.94
2021-01-17,tmed,23.6416666666667,24.06
2021-01-17,ur,88.5416666666667,90.44
2021-01-17,tmin,21.1,20.3
2021-01-17,tmax,25.6,27.14
2021-01-17,prec,19.4,19.4
2021-01-18,tmed,22.2333333333333,22.54
2021-01-18,ur,73.625,70.94
2021-01-18,tmin,18.1,18.48
2021-01-18,tmax,26.3,27.88
2021-01-18,prec,0,0.11
2021-01-19,tmed,21.0083333333333,22.74
2021-01-19,ur,80.2916666666667,76.88
2021-01-19,tmin,17.1,17.62
2021-01-19,tmax,25,27.89
2021-01-19,prec,0,3.66
2021-01-20,tmed,22.1125,22.32
2021-01-20,ur,87.9166666666667,85.06
2021-01-20,tmin,19.8,18.91
2021-01-20,tmax,26.6,26.77
2021-01-20,prec,0.8,11.92
2021-01-21,tmed,21.5375,23.16
2021-01-21,ur,93.1666666666667,85.56
2021-01-21,tmin,19.6,19.55
2021-01-21,tmax,23.4,28.05
2021-01-21,prec,15,14.33
2021-01-22,tmed,20.1291666666667,23.76
2021-01-22,ur,94.5,80.75
2021-01-22,tmin,19.1,19.18
2021-01-22,tmax,21.7,29.3
2021-01-22,prec,6.8,4.28
2021-01-23,tmed,22.6434782608696,24.81
2021-01-23,ur,81.6521739130435,80.94
2021-01-23,tmin,19.2,21.19
2021-01-23,tmax,28.9,29.07
2021-01-23,prec,0.4,4.11
2021-01-24,tmed,22.804347826087,23.01
2021-01-24,ur,84,89.12
2021-01-24,tmin,19.5,20.39
2021-01-24,tmax,28.2,26.04
2021-01-24,prec,8.4,6.19
2021-01-25,tmed,21.5875,23.34
2021-01-25,ur,93.3333333333333,88.81
2021-01-25,tmin,19.5,20.18
2021-01-25,tmax,24.2,26.57
2021-01-25,prec,34.2,11.48
2021-01-26,tmed,22.6541666666667,23.54
2021-01-26,ur,87.5833333333333,85.44
2021-01-26,tmin,20.2,20.69
2021-01-26,tmax,25.9,27.37
2021-01-26,prec,0.2,2.48
2021-01-27,tmed,23.4,23.91
2021-01-27,ur,84.0416666666667,87.81
2021-01-27,tmin,21.5,21.93
2021-01-27,tmax,25.8,26.6
2021-01-27,prec,1.2,5.73
2021-01-28,tmed,22.425,23.64
2021-01-28,ur,93.2916666666667,92.06
2021-01-28,tmin,21.3,21.4
2021-01-28,tmax,25.7,26.14
2021-01-28,prec,39.2,21.36
2021-01-29,tmed,24.0291666666667,23.95
2021-01-29,ur,85.5,91.19
2021-01-29,tmin,20.8,21.87
2021-01-29,tmax,28.9,26.59
2021-01-29,prec,2.2,5.74
2021-01-30,tmed,23.55,24.64
2021-01-30,ur,83.6363636363637,87.81
2021-01-30,tmin,19.2,21.69
2021-01-30,tmax,28.7,28.39
2021-01-30,prec,4,4.93
2021-01-31,tmed,20.8478260869565,23.32
2021-01-31,ur,90.2608695652174,91.44
2021-01-31,tmin,19,21.06
2021-01-31,tmax,26.2,26.3
2021-01-31,prec,36.4,21.19
2021-02-01,tmed,22.0333333333333,24.31
2021-02-01,ur,84.3333333333333,83.62
2021-02-01,tmin,18.9,20.22
2021-02-01,tmax,27.2,28.97
2021-02-01,prec,0.4,1.3
2021-02-02,tmed,23.2833333333333,24.14
2021-02-02,ur,85.5,89.12
2021-02-02,tmin,20.4,21.21
2021-02-02,tmax,25.9,27.01
2021-02-02,prec,0,0.15
2021-02-03,tmed,24.775,25.34
2021-02-03,ur,82.5833333333333,88
2021-02-03,tmin,21.6,21.84
2021-02-03,tmax,29.1,29.67
2021-02-03,prec,0,0.63
2021-02-04,tmed,21.9681818181818,22.72
2021-02-04,ur,85.7727272727273,81.38
2021-02-04,tmin,18.5,17.58
2021-02-04,tmax,26,26.69
2021-02-04,prec,22,4.05
2021-02-05,tmed,19.7791666666667,20.33
2021-02-05,ur,74.9583333333333,74.06
2021-02-05,tmin,15.5,15.64
2021-02-05,tmax,24.7,26
2021-02-05,prec,0,0.41
2021-02-06,tmed,18.7391304347826,19.51
2021-02-06,ur,71.7826086956522,74.5
2021-02-06,tmin,13.5,13.3
2021-02-06,tmax,25.2,26.15
2021-02-06,prec,0,0.78
2021-02-07,tmed,21.2958333333333,21.99
2021-02-07,ur,66.7916666666667,70
2021-02-07,tmin,15.8,14.35
2021-02-07,tmax,28.4,29.33
2021-02-07,prec,0,0.04
2021-02-08,tmed,23.1458333333333,23.37
2021-02-08,ur,60.7083333333333,65.38
2021-02-08,tmin,18,16.34
2021-02-08,tmax,30.3,30.52
2021-02-08,prec,0,0.01
2021-02-09,tmed,23.225,23.65
2021-02-09,ur,67.8333333333333,69.12
2021-02-09,tmin,19.5,17.37
2021-02-09,tmax,28.7,29.57
2021-02-09,prec,0,1.17
2021-02-10,tmed,21.4916666666667,22.15
2021-02-10,ur,71.7916666666667,72.5
2021-02-10,tmin,15.8,18.48
2021-02-10,tmax,28.4,26.66
2021-02-10,prec,0.4,0.36
2021-02-11,tmed,19.9666666666667,21.77
2021-02-11,ur,83.3333333333333,75.38
2021-02-11,tmin,18.3,17.19
2021-02-11,tmax,24.7,27.77
2021-02-11,prec,21.2,7.91
2021-02-12,tmed,20.5416666666667,23.05
2021-02-12,ur,89.6666666666667,78.62
2021-02-12,tmin,17.9,18.62
2021-02-12,tmax,24,27.76
2021-02-12,prec,4.6,7.9
2021-02-13,tmed,21.2375,23.04
2021-02-13,ur,80.75,80
2021-02-13,tmin,17.1,19.46
2021-02-13,tmax,27.3,27.23
2021-02-13,prec,0.2,2.21
2021-02-14,tmed,21.9083333333333,23.69
2021-02-14,ur,83.25,75.56
2021-02-14,tmin,19.3,19.66
2021-02-14,tmax,27,28.52
2021-02-14,prec,0,3.32
2021-02-15,tmed,20.1291666666667,23.05
2021-02-15,ur,89.7083333333333,77.94
2021-02-15,tmin,16.6,17
2021-02-15,tmax,24.3,28.49
2021-02-15,prec,5.8,7.28
2021-02-16,tmed,21.0833333333333,22.8
2021-02-16,ur,83.8333333333333,76.94
2021-02-16,tmin,16.7,18
2021-02-16,tmax,26.8,28.7
2021-02-16,prec,0,2.66
2021-02-17,tmed,21.1166666666667,21.56
2021-02-17,ur,73.2916666666667,68.12
2021-02-17,tmin,15.6,16.15
2021-02-17,tmax,26.7,28.52
2021-02-17,prec,0,0.1
2021-02-18,tmed,19.1375,21.29
2021-02-18,ur,73.7916666666667,62
2021-02-18,tmin,11.9,15.31
2021-02-18,tmax,25.8,28.46
2021-02-18,prec,0,0.07
2021-02-19,tmed,20.6958333333333,22.53
2021-02-19,ur,74.8333333333333,69.69
2021-02-19,tmin,15.7,15.45
2021-02-19,tmax,27.1,29.77
2021-02-19,prec,0,0.03
2021-02-20,tmed,22.6291666666667,23.93
2021-02-20,ur,67.25,62.44
2021-02-20,tmin,17.2,16.43
2021-02-20,tmax,29.1,31.81
2021-02-20,prec,0,0.01
2021-02-21,tmed,24.4208333333333,26.15
2021-02-21,ur,62.5,58.31
2021-02-21,tmin,18.9,17.82
2021-02-21,tmax,31.4,34.69
2021-02-21,prec,0,0
2021-02-22,tmed,25.5666666666667,28.58
2021-02-22,ur,67.3333333333333,55.31
2021-02-22,tmin,21.7,20.33
2021-02-22,tmax,31.8,35.44
2021-02-22,prec,0,0.17
2021-02-23,tmed,24.9708333333333,28.53
2021-02-23,ur,77.5,61.31
2021-02-23,tmin,20.4,23.07
2021-02-23,tmax,33,35.31
2021-02-23,prec,8.6,3.13
2021-02-24,tmed,22.7291666666667,26.91
2021-02-24,ur,80.125,64.38
2021-02-24,tmin,18.9,22.04
2021-02-24,tmax,28.9,33.78
2021-02-24,prec,1.2,2.58
2021-02-25,tmed,23.6208333333333,26.19
2021-02-25,ur,72.2083333333333,58.88
2021-02-25,tmin,18.7,18.74
2021-02-25,tmax,28.9,34.39
2021-02-25,prec,0,0.06
2021-02-26,tmed,24.1416666666667,26.43
2021-02-26,ur,68.4583333333333,58.62
2021-02-26,tmin,19.3,19.69
2021-02-26,tmax,29.7,33.9
2021-02-26,prec,0,1.19
2021-02-27,tmed,24.3541666666667,26.3
2021-02-27,ur,66.5416666666667,58.56
2021-02-27,tmin,19.5,18.98
2021-02-27,tmax,30.1,34.15
2021-02-27,prec,0,0.74
2021-02-28,tmed,23.5791666666667,25.34
2021-02-28,ur,66.75,63.5
2021-02-28,tmin,18.4,17.56
2021-02-28,tmax,29.6,33.63
2021-02-28,prec,0,1.11
2021-03-01,tmed,24.3083333333333,25.28
2021-03-01,ur,72.0416666666667,71.75
2021-03-01,tmin,19.6,19.9
2021-03-01,tmax,30.4,30.48
2021-03-01,prec,0,2.99
2021-03-02,tmed,24.2625,25.98
2021-03-02,ur,76,71.94
2021-03-02,tmin,20.5,21.28
2021-03-02,tmax,30.2,32.23
2021-03-02,prec,21.4,2.45
2021-03-03,tmed,23.1625,23.8
2021-03-03,ur,84.0416666666667,85.62
2021-03-03,tmin,20.9,21.3
2021-03-03,tmax,28.1,27.25
2021-03-03,prec,3.2,4.83
2021-03-04,tmed,21.9,22.96
2021-03-04,ur,87.8333333333333,87.88
2021-03-04,tmin,19.9,19.85
2021-03-04,tmax,25.6,28.41
2021-03-04,prec,1,24.55
2021-03-05,tmed,21.9291666666667,22.44
2021-03-05,ur,85.9583333333333,82.44
2021-03-05,tmin,19.2,18.97
2021-03-05,tmax,26.2,26.95
2021-03-05,prec,15,1.75
2021-03-06,tmed,22.0083333333333,22.69
2021-03-06,ur,79.2083333333333,74.69
2021-03-06,tmin,18.3,17.9
2021-03-06,tmax,27.1,29.26
2021-03-06,prec,0,0.13
2021-03-07,tmed,21.7739130434783,22.46
2021-03-07,ur,72.8260869565217,68.19
2021-03-07,tmin,16.4,15.18
2021-03-07,tmax,28.1,30.08
2021-03-07,prec,0,0.02
2021-03-08,tmed,22.3333333333333,23.23
2021-03-08,ur,70.4583333333333,64.56
2021-03-08,tmin,16.5,15.89
2021-03-08,tmax,28.5,31.65
2021-03-08,prec,0,0.01
2021-03-09,tmed,21.7458333333333,22.95
2021-03-09,ur,72.25,65.25
2021-03-09,tmin,17.4,16.19
2021-03-09,tmax,27.5,30.48
2021-03-09,prec,0,0
2021-03-10,tmed,20.675,21.5
2021-03-10,ur,67.6666666666667,61.19
2021-03-10,tmin,15.8,14.39
2021-03-10,tmax,26,29.74
2021-03-10,prec,0,0
2021-03-11,tmed,20.5625,21.94
2021-03-11,ur,62.2083333333333,58.12
2021-03-11,tmin,15.5,13.76
2021-03-11,tmax,27.8,31.22
2021-03-11,prec,0,0.01
2021-03-12,tmed,21.6375,23.19
2021-03-12,ur,55.7916666666667,53
2021-03-12,tmin,16.1,14.08
2021-03-12,tmax,29.8,33.16
2021-03-12,prec,0,0.04
2021-03-13,tmed,23.1458333333333,24.33
2021-03-13,ur,59.7916666666667,51.12
2021-03-13,tmin,17.2,14.96
2021-03-13,tmax,31.1,34.84
2021-03-13,prec,0,0.02
2021-03-14,tmed,24.4125,25.52
2021-03-14,ur,60.25,52.19
2021-03-14,tmin,19.2,16.67
2021-03-14,tmax,32.1,35.84
2021-03-14,prec,0,0.09
2021-03-15,tmed,25.1791666666667,26
2021-03-15,ur,61.5,58.69
2021-03-15,tmin,19.3,18.31
2021-03-15,tmax,32.5,35.62
2021-03-15,prec,0,0.18
2021-03-16,tmed,26.3541666666667,27.92
2021-03-16,ur,62.125,61.25
2021-03-16,tmin,21.6,19.05
2021-03-16,tmax,33.4,37.19
2021-03-16,prec,0,8.27
2021-03-17,tmed,22.9208333333333,24.02
2021-03-17,ur,82.7083333333333,80
2021-03-17,tmin,20.3,19.08
2021-03-17,tmax,25.9,29.72
2021-03-17,prec,22.2,4.96
2021-03-18,tmed,21.0916666666667,22.39
2021-03-18,ur,75.7916666666667,68.5
2021-03-18,tmin,16.7,16.26
2021-03-18,tmax,26.9,29.76
2021-03-18,prec,0,0.02
2021-03-19,tmed,22.2958333333333,25.16
2021-03-19,ur,74.375,63.5
2021-03-19,tmin,16.3,16.35
2021-03-19,tmax,29.9,34.39
2021-03-19,prec,0,0.06
2021-03-20,tmed,25.3458333333333,26.84
2021-03-20,ur,66.1666666666667,65.75
2021-03-20,tmin,21.2,20.34
2021-03-20,tmax,30.9,32.84
2021-03-20,prec,1,0.81
2021-03-21,tmed,23.1291666666667,25.14
2021-03-21,ur,86.2916666666667,79.94
2021-03-21,tmin,21.1,21.52
2021-03-21,tmax,25.6,30.77
2021-03-21,prec,15.6,2.65
2021-03-22,tmed,23.5458333333333,25.84
2021-03-22,ur,82.125,74.19
2021-03-22,tmin,20.3,20.84
2021-03-22,tmax,29.5,32.64
2021-03-22,prec,0,0.94
2021-03-23,tmed,24.0666666666667,24.76
2021-03-23,ur,81.5,79.81
2021-03-23,tmin,20.4,21.08
2021-03-23,tmax,28.8,29.96
2021-03-23,prec,0,9.33
2021-03-24,tmed,24.0625,25.33
2021-03-24,ur,79.9166666666667,77.06
2021-03-24,tmin,20.6,20.21
2021-03-24,tmax,30.9,31.64
2021-03-24,prec,0.2,3.78
2021-03-25,tmed,25.0125,26.54
2021-03-25,ur,67.6666666666667,73.88
2021-03-25,tmin,20.1,20.34
2021-03-25,tmax,32.6,33.97
2021-03-25,prec,0,4.85
2021-03-26,tmed,24.05,24.55
2021-03-26,ur,78.4583333333333,84.38
2021-03-26,tmin,20.9,21.41
2021-03-26,tmax,28.8,28.97
2021-03-26,prec,6.8,14.76
2021-03-27,tmed,21.25,24.71
2021-03-27,ur,89.5,81
2021-03-27,tmin,19.4,20.4
2021-03-27,tmax,23.4,30.34
2021-03-27,prec,7.8,5.28
2021-03-28,tmed,21.4958333333333,21.79
2021-03-28,ur,86.5,85.5
2021-03-28,tmin,20,18.94
2021-03-28,tmax,25.2,26.47
2021-03-28,prec,5,4.79
2021-03-29,tmed,19.6041666666667,19.19
2021-03-29,ur,90.375,84.5
2021-03-29,tmin,18.3,14.37
2021-03-29,tmax,21.2,23.11
2021-03-29,prec,0.6,4.02
2021-03-30,tmed,17.1708333333333,18.48
2021-03-30,ur,82.9583333333333,81.81
2021-03-30,tmin,12.5,12.9
2021-03-30,tmax,21.6,24.76
2021-03-30,prec,0,0.43
2021-03-31,tmed,17.5375,18.37
2021-03-31,ur,75.2083333333333,75.81
2021-03-31,tmin,13.9,13.4
2021-03-31,tmax,22.9,24.66
2021-03-31,prec,0,0.12
2021-04-01,tmed,17.3958333333333,18.38
2021-04-01,ur,71.125,73.5
2021-04-01,tmin,11.7,11.55
2021-04-01,tmax,24,25.58
2021-04-01,prec,0,0.12
2021-04-02,tmed,19.5,20.05
2021-04-02,ur,67.75,70.88
2021-04-02,tmin,14.8,13.72
2021-04-02,tmax,26.4,27.43
2021-04-02,prec,0,0.08
2021-04-03,tmed,20.7875,21.37
2021-04-03,ur,66.3333333333333,69.31
2021-04-03,tmin,15.6,14.17
2021-04-03,tmax,28.8,29.1
2021-04-03,prec,0,0.03
2021-04-04,tmed,21.4958333333333,22.72
2021-04-04,ur,68.25,64.12
2021-04-04,tmin,16.6,16.17
2021-04-04,tmax,28.7,29.96
2021-04-04,prec,0,0.03
2021-04-05,tmed,21.6833333333333,22.68
2021-04-05,ur,65.9166666666667,66.12
2021-04-05,tmin,18.7,18.56
2021-04-05,tmax,26.6,27.8
2021-04-05,prec,0,0.01
2021-04-06,tmed,21.5416666666667,22.71
2021-04-06,ur,70.9583333333333,66.62
2021-04-06,tmin,18.2,18.17
2021-04-06,tmax,27.4,30.01
2021-04-06,prec,0,0.01
2021-04-07,tmed,21.5375,22.9
2021-04-07,ur,68.9166666666667,63.81
2021-04-07,tmin,17,15.87
2021-04-07,tmax,27.9,30.69
2021-04-07,prec,0,0.02
2021-04-08,tmed,23.025,24.05
2021-04-08,ur,62.625,61.56
2021-04-08,tmin,18.2,17.25
2021-04-08,tmax,29.5,32.19
2021-04-08,prec,0,0.01
2021-04-09,tmed,24.6125,25.58
2021-04-09,ur,62.1666666666667,62.75
2021-04-09,tmin,20.1,18.33
2021-04-09,tmax,30.9,33.87
2021-04-09,prec,0,0
2021-04-10,tmed,24.1083333333333,25.59
2021-04-10,ur,64.875,58.62
2021-04-10,tmin,19.3,18.94
2021-04-10,tmax,30.7,34.3
2021-04-10,prec,0,0.01
2021-04-11,tmed,21.975,24.64
2021-04-11,ur,71.125,61.81
2021-04-11,tmin,17.3,16.45
2021-04-11,tmax,29.8,34.53
2021-04-11,prec,4.6,1.71
2021-04-12,tmed,18.6416666666667,20.49
2021-04-12,ur,79.125,62.12
2021-04-12,tmin,14.8,15.23
2021-04-12,tmax,23.4,28.99
2021-04-12,prec,0.4,0.06
2021-04-13,tmed,18.9958333333333,21.08
2021-04-13,ur,70.8333333333333,62.88
2021-04-13,tmin,13.4,12.86
2021-04-13,tmax,26.9,29.46
2021-04-13,prec,0,0.08
2021-04-14,tmed,18.9791666666667,23.24
2021-04-14,ur,83.25,66.81
2021-04-14,tmin,17.9,17.01
2021-04-14,tmax,20.1,30.54
2021-04-14,prec,2.6,0.14
2021-04-15,tmed,18.8791666666667,22.18
2021-04-15,ur,83.4166666666667,65.62
2021-04-15,tmin,17.5,17.7
2021-04-15,tmax,21.8,28.9
2021-04-15,prec,6.6,3.54
2021-04-16,tmed,18.4125,21.15
2021-04-16,ur,92.375,71.75
2021-04-16,tmin,16.5,16.9
2021-04-16,tmax,20.2,27.81
2021-04-16,prec,0.8,2.07
2021-04-17,tmed,20.1583333333333,21.23
2021-04-17,ur,81.7083333333333,75.31
2021-04-17,tmin,17.2,16.72
2021-04-17,tmax,24.9,27.67
2021-04-17,prec,0,1.44
2021-04-18,tmed,20.225,21.55
2021-04-18,ur,73.75,70.31
2021-04-18,tmin,16.2,16.01
2021-04-18,tmax,25.5,29.16
2021-04-18,prec,0,0.04
2021-04-19,tmed,20.6166666666667,21.37
2021-04-19,ur,71.625,62.81
2021-04-19,tmin,16.4,15.26
2021-04-19,tmax,26.2,29.83
2021-04-19,prec,0,0.01
2021-04-20,tmed,20.0958333333333,21.37
2021-04-20,ur,67.0833333333333,63
2021-04-20,tmin,15.4,15.4
2021-04-20,tmax,26.3,29.45
2021-04-20,prec,0,0.07
2021-04-21,tmed,19.7333333333333,21.34
2021-04-21,ur,62.375,62.62
2021-04-21,tmin,15.6,14.56
2021-04-21,tmax,26.1,29.65
2021-04-21,prec,0,0.07
2021-04-22,tmed,19.675,21.38
2021-04-22,ur,66.0416666666667,61.69
2021-04-22,tmin,16,15.12
2021-04-22,tmax,25.8,29.36
2021-04-22,prec,0,0.04
2021-04-23,tmed,20.1416666666667,21.4
2021-04-23,ur,61.9166666666667,60.44
2021-04-23,tmin,15.9,14.31
2021-04-23,tmax,26.1,28.16
2021-04-23,prec,0,0.04
2021-04-24,tmed,18.3791666666667,20.9
2021-04-24,ur,79.5833333333333,74.5
2021-04-24,tmin,16,16.8
2021-04-24,tmax,21.9,27.56
2021-04-24,prec,3.8,0.67
2021-04-25,tmed,17.8125,19.83
2021-04-25,ur,83.1666666666667,72.75
2021-04-25,tmin,16,14.77
2021-04-25,tmax,22,26.1
2021-04-25,prec,0,0.13
2021-04-26,tmed,15.6458333333333,16.33
2021-04-26,ur,68.2083333333333,66.94
2021-04-26,tmin,11.3,11.06
2021-04-26,tmax,20.9,23.94
2021-04-26,prec,0,0.01
2021-04-27,tmed,14.9458333333333,15.66
2021-04-27,ur,66.6666666666667,64.31
2021-04-27,tmin,9.9,8.98
2021-04-27,tmax,21.3,24.62
2021-04-27,prec,0,0.01
2021-04-28,tmed,14.85,15.48
2021-04-28,ur,56.4583333333333,56.5
2021-04-28,tmin,9.7,7.62
2021-04-28,tmax,22,25.68
2021-04-28,prec,0,0.02
2021-04-29,tmed,15.4708333333333,16.66
2021-04-29,ur,62.4166666666667,55.81
2021-04-29,tmin,10.3,8.34
2021-04-29,tmax,23,27.33
2021-04-29,prec,0,0.04
2021-04-30,tmed,17.1458333333333,18.19
2021-04-30,ur,60.8333333333333,55.62
2021-04-30,tmin,12.6,11.2
2021-04-30,tmax,24,27.52
2021-04-30,prec,0,0.05
2021-05-01,tmed,18.925,19.98
2021-05-01,ur,61.75,60.06
2021-05-01,tmin,14.8,12.19
2021-05-01,tmax,25.7,28.51
2021-05-01,prec,0,0.03
2021-05-02,tmed,20.4833333333333,22.01
2021-05-02,ur,65.25,63.81
2021-05-02,tmin,15.5,14.45
2021-05-02,tmax,28,30.29
2021-05-02,prec,0,1.18
2021-05-03,tmed,22.8125,23.29
2021-05-03,ur,63.7083333333333,59.31
2021-05-03,tmin,18.6,15.97
2021-05-03,tmax,29.7,32.66
2021-05-03,prec,0,0.07
2021-05-04,tmed,22.5083333333333,24.01
2021-05-04,ur,64.4583333333333,60.25
2021-05-04,tmin,16.1,16.02
2021-05-04,tmax,30.2,33.52
2021-05-04,prec,0,0.32
2021-05-05,tmed,19.9333333333333,20.34
2021-05-05,ur,83.8333333333333,80.56
2021-05-05,tmin,16,14.6
2021-05-05,tmax,23.3,28.52
2021-05-05,prec,9.4,8.12
2021-05-06,tmed,13.4916666666667,13.76
2021-05-06,ur,92.75,84.75
2021-05-06,tmin,11,10.11
2021-05-06,tmax,16.2,16.61
2021-05-06,prec,9.4,11.29
2021-05-07,tmed,10.404347826087,12.37
2021-05-07,ur,79.2173913043478,71.12
2021-05-07,tmin,5.5,7.09
2021-05-07,tmax,16.9,20.25
2021-05-07,prec,0,0.24
2021-05-08,tmed,12.7875,14.56
2021-05-08,ur,74.375,74.31
2021-05-08,tmin,8.1,8.1
2021-05-08,tmax,20.5,23.2
2021-05-08,prec,0,2.16
2021-05-09,tmed,16.5166666666667,17.04
2021-05-09,ur,67.9166666666667,71.38
2021-05-09,tmin,11.4,10.8
2021-05-09,tmax,24.1,25.62
2021-05-09,prec,0,0.4
2021-05-10,tmed,18.2791666666667,18.88
2021-05-10,ur,69.5416666666667,72.5
2021-05-10,tmin,12.9,11.94
2021-05-10,tmax,25.6,27.62
2021-05-10,prec,0,0.25
2021-05-11,tmed,15.65,15.65
2021-05-11,ur,92.1666666666667,89.44
2021-05-11,tmin,13.2,11.97
2021-05-11,tmax,18.2,19.09
2021-05-11,prec,15.4,13.12
2021-05-12,tmed,12.8708333333333,13.69
2021-05-12,ur,83.875,73.31
2021-05-12,tmin,11,8.4
2021-05-12,tmax,17.4,21.33
2021-05-12,prec,5,0.59
2021-05-13,tmed,11.55,13.16
2021-05-13,ur,77,74.31
2021-05-13,tmin,6.9,6.52
2021-05-13,tmax,18.6,21.72
2021-05-13,prec,0,0.71
2021-05-14,tmed,14.5916666666667,13.24
2021-05-14,ur,75.625,82.94
2021-05-14,tmin,9.5,9.34
2021-05-14,tmax,21.3,19.8
2021-05-14,prec,0,0.19
2021-05-15,tmed,14.5208333333333,15.34
2021-05-15,ur,79.9166666666667,74.06
2021-05-15,tmin,8.6,8.5
2021-05-15,tmax,21.1,23.56
2021-05-15,prec,0,0.15
2021-05-16,tmed,15.0583333333333,16.64
2021-05-16,ur,79.0416666666667,76.69
2021-05-16,tmin,9.2,9.73
2021-05-16,tmax,22.7,24.3
2021-05-16,prec,0,0.03
2021-05-17,tmed,16.2041666666667,16.44
2021-05-17,ur,73.0833333333333,76.5
2021-05-17,tmin,12.3,10.91
2021-05-17,tmax,22.8,22.54
2021-05-17,prec,0,0.04
2021-05-18,tmed,14.65,14.19
2021-05-18,ur,75.25,73.19
2021-05-18,tmin,8.7,8.13
2021-05-18,tmax,21.2,22.12
2021-05-18,prec,0,0.08
2021-05-19,tmed,13.9541666666667,15.44
2021-05-19,ur,75.8333333333333,62.38
2021-05-19,tmin,6.8,6.8
2021-05-19,tmax,22.9,24.57
2021-05-19,prec,0,0.03
2021-05-20,tmed,16.4583333333333,18.37
2021-05-20,ur,65,63.69
2021-05-20,tmin,11.6,10.64
2021-05-20,tmax,25.1,28.05
2021-05-20,prec,0,2.04
2021-05-21,tmed,17.9521739130435,18.9
2021-05-21,ur,76.0434782608696,81.69
2021-05-21,tmin,14.4,13.87
2021-05-21,tmax,25.5,26.88
2021-05-21,prec,18.8,26.77
2021-05-22,tmed,16.4166666666667,16.07
2021-05-22,ur,88.5416666666667,81.38
2021-05-22,tmin,13.5,8.39
2021-05-22,tmax,17.8,20.8
2021-05-22,prec,18.4,6.97
2021-05-23,tmed,11.4791666666667,11.4
2021-05-23,ur,75.0833333333333,75.19
2021-05-23,tmin,7.7,6.02
2021-05-23,tmax,15.4,17.55
2021-05-23,prec,0,0.07
2021-05-24,tmed,9.50416666666667,11.11
2021-05-24,ur,80.5833333333333,76
2021-05-24,tmin,6.3,6.81
2021-05-24,tmax,14.1,17.05
2021-05-24,prec,0,0.73
2021-05-25,tmed,9.65,11.65
2021-05-25,ur,81.6666666666667,70.5
2021-05-25,tmin,3.1,3.89
2021-05-25,tmax,18.4,19.75
2021-05-25,prec,0,0
2021-05-26,tmed,11.6125,13.98
2021-05-26,ur,72,61.31
2021-05-26,tmin,6.3,5.41
2021-05-26,tmax,21.1,22.51
2021-05-26,prec,0,0.04
2021-05-27,tmed,14.1391304347826,16.31
2021-05-27,ur,66.7391304347826,71.5
2021-05-27,tmin,8.2,7.34
2021-05-27,tmax,24.3,24.4
2021-05-27,prec,0,0.02
2021-05-28,tmed,19.4958333333333,20.56
2021-05-28,ur,76.5416666666667,84.56
2021-05-28,tmin,16.7,15.13
2021-05-28,tmax,24.7,26.16
2021-05-28,prec,5.2,12.78
2021-05-29,tmed,19.3416666666667,17.63
2021-05-29,ur,88.6666666666667,83.44
2021-05-29,tmin,13.8,10
2021-05-29,tmax,22.4,23.41
2021-05-29,prec,26.8,15.62
2021-05-30,tmed,11.8333333333333,11.03
2021-05-30,ur,69.9583333333333,70.5
2021-05-30,tmin,8.5,5.85
2021-05-30,tmax,16.7,18.01
2021-05-30,prec,0,0
2021-05-31,tmed,11.1041666666667,11.33
2021-05-31,ur,65.5,69.5
2021-05-31,tmin,5.2,3.74
2021-05-31,tmax,20.3,21.51
2021-05-31,prec,0,0.06
2021-06-01,tmed,13.225,14.41
2021-06-01,ur,75.7083333333333,73.44
2021-06-01,tmin,6.6,6.07
2021-06-01,tmax,22.5,22.75
2021-06-01,prec,0,0.01
2021-06-02,tmed,16.1791666666667,17.25
2021-06-02,ur,92.2083333333333,90.5
2021-06-02,tmin,12.6,11.94
2021-06-02,tmax,19.9,23.35
2021-06-02,prec,17.4,6.35
2021-06-03,tmed,17.0791666666667,17.92
2021-06-03,ur,95.4583333333333,82.31
2021-06-03,tmin,15.7,11.71
2021-06-03,tmax,19,24.78
2021-06-03,prec,0.2,1.02
2021-06-04,tmed,20.0541666666667,20.05
2021-06-04,ur,80.4583333333333,79.44
2021-06-04,tmin,16.4,14.42
2021-06-04,tmax,26.8,28.11
2021-06-04,prec,0,0.05
2021-06-05,tmed,21.6375,20.9
2021-06-05,ur,69.0416666666667,72.75
2021-06-05,tmin,17.8,15.51
2021-06-05,tmax,27.9,28.39
2021-06-05,prec,0,0.33
2021-06-06,tmed,15.5416666666667,17.81
2021-06-06,ur,92.5833333333333,94.06
2021-06-06,tmin,14.5,15.27
2021-06-06,tmax,20.6,19.97
2021-06-06,prec,15.2,13.44
2021-06-07,tmed,15.8666666666667,16.78
2021-06-07,ur,89.625,93.75
2021-06-07,tmin,13.6,14.65
2021-06-07,tmax,19.6,20.06
2021-06-07,prec,0,2.23
2021-06-08,tmed,16.4041666666667,15.6
2021-06-08,ur,91.0833333333333,93.94
2021-06-08,tmin,13.5,14.39
2021-06-08,tmax,18.7,18.04
2021-06-08,prec,24,20.16
2021-06-09,tmed,16.7666666666667,17.58
2021-06-09,ur,88.7916666666667,88.19
2021-06-09,tmin,13.4,13.27
2021-06-09,tmax,22.1,22.6
2021-06-09,prec,4.2,27.6
2021-06-10,tmed,17.2958333333333,17.54
2021-06-10,ur,92.6666666666667,90.75
2021-06-10,tmin,16,14.79
2021-06-10,tmax,18.8,22.01
2021-06-10,prec,9.6,4.32
2021-06-11,tmed,15.075,14.13
2021-06-11,ur,83.0833333333333,86.88
2021-06-11,tmin,12.4,7.97
2021-06-11,tmax,18.2,19.68
2021-06-11,prec,0,0.83
2021-06-12,tmed,10.8166666666667,11.99
2021-06-12,ur,78.9166666666667,69.44
2021-06-12,tmin,5.8,6.72
2021-06-12,tmax,16.6,18.3
2021-06-12,prec,0,0.01
2021-06-13,tmed,12.0666666666667,13.03
2021-06-13,ur,78.75,76.44
2021-06-13,tmin,7.3,6.27
2021-06-13,tmax,19.9,21.67
2021-06-13,prec,0,0.47
2021-06-14,tmed,15.7375,14.55
2021-06-14,ur,72.1666666666667,77.25
2021-06-14,tmin,11.8,8.15
2021-06-14,tmax,21.9,22.08
2021-06-14,prec,0,0.07
2021-06-15,tmed,14.2833333333333,14.51
2021-06-15,ur,86.9583333333333,83.56
2021-06-15,tmin,9.3,8.09
2021-06-15,tmax,20.3,21.28
2021-06-15,prec,0,0.19
2021-06-16,tmed,11.1541666666667,12.13
2021-06-16,ur,87.0833333333333,75.62
2021-06-16,tmin,9.9,6.06
2021-06-16,tmax,13.8,16.75
2021-06-16,prec,0,0.02
2021-06-17,tmed,9.25833333333333,9.76
2021-06-17,ur,76.9583333333333,80.12
2021-06-17,tmin,5,5.17
2021-06-17,tmax,13.8,16.56
2021-06-17,prec,0,0.01
2021-06-18,tmed,11.2458333333333,11.49
2021-06-18,ur,77.2083333333333,80.69
2021-06-18,tmin,7.6,5.91
2021-06-18,tmax,16.8,18.98
2021-06-18,prec,0,2.62
2021-06-19,tmed,13.0083333333333,13.01
2021-06-19,ur,96.5416666666667,94
2021-06-19,tmin,12.3,10.44
2021-06-19,tmax,13.5,15.92
2021-06-19,prec,49.6,32.58
2021-06-20,tmed,12.6083333333333,11.49
2021-06-20,ur,91.5,89.06
2021-06-20,tmin,10.7,8.05
2021-06-20,tmax,14.4,17.51
2021-06-20,prec,2,0.34
2021-06-21,tmed,11.3166666666667,12.87
2021-06-21,ur,94.5416666666667,91.06
2021-06-21,tmin,9.2,8.38
2021-06-21,tmax,13.5,19.17
2021-06-21,prec,3.2,3.48
2021-06-22,tmed,14.3708333333333,14.72
2021-06-22,ur,92.9166666666667,86.69
2021-06-22,tmin,13.2,11.24
2021-06-22,tmax,17.6,20.59
2021-06-22,prec,0.6,0.14
2021-06-23,tmed,15.575,16.15
2021-06-23,ur,82.0416666666667,85.44
2021-06-23,tmin,12.4,11.11
2021-06-23,tmax,19.2,21.68
2021-06-23,prec,0.2,0.26
2021-06-24,tmed,16.4208333333333,15.83
2021-06-24,ur,82.9583333333333,85.5
2021-06-24,tmin,15.6,10.61
2021-06-24,tmax,17.9,20.75
2021-06-24,prec,11.2,13.86
2021-06-25,tmed,12.6083333333333,14.1
2021-06-25,ur,87.7083333333333,82.75
2021-06-25,tmin,6.4,9.33
2021-06-25,tmax,18.6,19.93
2021-06-25,prec,0.2,0.15
2021-06-26,tmed,19.7625,20.48
2021-06-26,ur,77.2083333333333,82.62
2021-06-26,tmin,15.4,14.68
2021-06-26,tmax,26.2,26.63
2021-06-26,prec,0,8.77
2021-06-27,tmed,11.6833333333333,10.69
2021-06-27,ur,94.1666666666667,90.69
2021-06-27,tmin,8.1,6.16
2021-06-27,tmax,23.7,14.6
2021-06-27,prec,49,40.16
2021-06-28,tmed,5.10416666666667,5.81
2021-06-28,ur,83.7916666666667,76.12
2021-06-28,tmin,2.7,2.07
2021-06-28,tmax,8.2,10.93
2021-06-28,prec,0,0.05
2021-06-29,tmed,3.79166666666667,3.38
2021-06-29,ur,80.0416666666667,82.25
2021-06-29,tmin,0.3,-1.06
2021-06-29,tmax,8.6,9.7
2021-06-29,prec,0,0.65
2021-06-30,tmed,5.00833333333333,5.52
2021-06-30,ur,83.875,83.81
2021-06-30,tmin,0.2,-0.13
2021-06-30,tmax,9.2,13.18
2021-06-30,prec,0,0.43
2021-07-01,tmed,8.45833333333333,9.01
2021-07-01,ur,79.75,83.19
2021-07-01,tmin,2.5,3.23
2021-07-01,tmax,15.7,17.41
2021-07-01,prec,0,0.21
2021-07-02,tmed,12.3478260869565,11.3
2021-07-02,ur,71.1739130434783,79.94
2021-07-02,tmin,8.3,5.55
2021-07-02,tmax,19.2,18.76
2021-07-02,prec,0,0.5
2021-07-03,tmed,9.90434782608696,11.58
2021-07-03,ur,85.1304347826087,77.56
2021-07-03,tmin,6.1,6.69
2021-07-03,tmax,15.1,19.01
2021-07-03,prec,0,0.13
2021-07-04,tmed,11.3708333333333,12.9
2021-07-04,ur,80.8333333333333,77.44
2021-07-04,tmin,7.2,5.14
2021-07-04,tmax,18.1,21.29
2021-07-04,prec,0.2,0.15
2021-07-05,tmed,14.6916666666667,16.08
2021-07-05,ur,80.3333333333333,80.06
2021-07-05,tmin,11.3,11.69
2021-07-05,tmax,20.9,22.65
2021-07-05,prec,0,0.02
2021-07-06,tmed,16.2833333333333,14.76
2021-07-06,ur,73.7083333333333,80.38
2021-07-06,tmin,12.4,9.08
2021-07-06,tmax,21.6,22.26
2021-07-06,prec,0,0
2021-07-07,tmed,15.2375,14.9
2021-07-07,ur,70.6666666666667,76.94
2021-07-07,tmin,11.8,9.15
2021-07-07,tmax,21.2,21.55
2021-07-07,prec,0,0.08
2021-07-08,tmed,15.7125,14.67
2021-07-08,ur,75.4166666666667,78.31
2021-07-08,tmin,12,9.06
2021-07-08,tmax,22.1,22.78
2021-07-08,prec,0,0.01
2021-07-09,tmed,14.4166666666667,13.49
2021-07-09,ur,77.0416666666667,77.75
2021-07-09,tmin,10.9,7.33
2021-07-09,tmax,20.5,21.15
2021-07-09,prec,0,0.03
2021-07-10,tmed,15.8583333333333,15.59
2021-07-10,ur,71.4166666666667,74.88
2021-07-10,tmin,10.9,7.76
2021-07-10,tmax,23,23.94
2021-07-10,prec,0,0.09
2021-07-11,tmed,16.8291666666667,15.76
2021-07-11,ur,68.375,72.25
2021-07-11,tmin,12.6,9.82
2021-07-11,tmax,24,24.26
2021-07-11,prec,0,0.02
2021-07-12,tmed,17.6708333333333,15.55
2021-07-12,ur,61.4583333333333,72.44
2021-07-12,tmin,13.1,9.25
2021-07-12,tmax,23.5,23.48
2021-07-12,prec,0,0.01
2021-07-13,tmed,17.6458333333333,16.32
2021-07-13,ur,69.0833333333333,78.56
2021-07-13,tmin,13.4,11.63
2021-07-13,tmax,24,23.42
2021-07-13,prec,0,0.02
2021-07-14,tmed,19.0541666666667,18.35
2021-07-14,ur,63.7916666666667,71.12
2021-07-14,tmin,15.4,12.94
2021-07-14,tmax,24.6,26.19
2021-07-14,prec,0,0.01
2021-07-15,tmed,17.0625,15.69
2021-07-15,ur,83.3333333333333,88.62
2021-07-15,tmin,12.7,11.99
2021-07-15,tmax,20.4,18.78
2021-07-15,prec,29.8,18.24
2021-07-16,tmed,12.7375,14.05
2021-07-16,ur,84,78.38
2021-07-16,tmin,8.1,9.9
2021-07-16,tmax,18,19.51
2021-07-16,prec,0.2,0.13
2021-07-17,tmed,11.8083333333333,11.97
2021-07-17,ur,85.25,83.12
2021-07-17,tmin,8,8.01
2021-07-17,tmax,16.6,17.83
2021-07-17,prec,0,0.08
2021-07-18,tmed,7.425,6.35
2021-07-18,ur,65.7916666666667,70.5
2021-07-18,tmin,1.9,1.4
2021-07-18,tmax,10.8,12.15
2021-07-18,prec,0,0
2021-07-19,tmed,5.8625,5.83
2021-07-19,ur,71.375,78.56
2021-07-19,tmin,-0.7,-1.17
2021-07-19,tmax,12.7,14.5
2021-07-19,prec,0,0.02
2021-07-20,tmed,6.525,8.05
2021-07-20,ur,80.8333333333333,70.75
2021-07-20,tmin,2.2,1.3
2021-07-20,tmax,13.5,13.97
2021-07-20,prec,0,0.02
2021-07-21,tmed,11.9166666666667,11.23
2021-07-21,ur,66.7916666666667,60.75
2021-07-21,tmin,5.4,3.53
2021-07-21,tmax,20.6,21.13
2021-07-21,prec,0,0.02
2021-07-22,tmed,12.9142857142857,14.49
2021-07-22,ur,50.5714285714286,64
2021-07-22,tmin,11,6.16
2021-07-22,tmax,14.1,24.8
2021-07-22,prec,0,0.03
2021-08-01,tmed,12.8318181818182,11.99
2021-08-01,ur,62.5454545454546,73.5
2021-08-01,tmin,6,4.85
2021-08-01,tmax,20.2,20.43
2021-08-01,prec,0,0
2021-08-02,tmed,11.5636363636364,11.4
2021-08-02,ur,69.0454545454546,75.25
2021-08-02,tmin,5.1,5.3
2021-08-02,tmax,18.8,19.65
2021-08-02,prec,0,0
2021-08-03,tmed,11.5181818181818,11.58
2021-08-03,ur,71.6363636363636,74.94
2021-08-03,tmin,6.8,5.06
2021-08-03,tmax,18.6,20.12
2021-08-03,prec,0,0.01
2021-08-04,tmed,13.3409090909091,13.18
2021-08-04,ur,67.2727272727273,75
2021-08-04,tmin,8.5,6.39
2021-08-04,tmax,20.3,21.3
2021-08-04,prec,0,0.01
2021-08-05,tmed,15.4045454545455,16.04
2021-08-05,ur,68.4545454545455,80.06
2021-08-05,tmin,11.2,9.81
2021-08-05,tmax,21.5,23
2021-08-05,prec,0,0.2
2021-08-06,tmed,17.6909090909091,17.56
2021-08-06,ur,63.6363636363636,73.5
2021-08-06,tmin,14,13.13
2021-08-06,tmax,22.5,24.9
2021-08-06,prec,0,0
2021-08-07,tmed,20.0045454545455,18.66
2021-08-07,ur,63.3636363636364,72.5
2021-08-07,tmin,15.4,12.76
2021-08-07,tmax,26.3,26.4
2021-08-07,prec,0,0
2021-08-08,tmed,20.7727272727273,19.06
2021-08-08,ur,62.1818181818182,72.62
2021-08-08,tmin,16.7,12.72
2021-08-08,tmax,27.3,26.99
2021-08-08,prec,0,0.01
2021-08-09,tmed,20.5090909090909,19.83
2021-08-09,ur,58.6818181818182,74.5
2021-08-09,tmin,15.1,14.09
2021-08-09,tmax,28.5,28.99
2021-08-09,prec,0,0.69
2021-08-10,tmed,15.3818181818182,14.57
2021-08-10,ur,91,91.81
2021-08-10,tmin,13.5,10.96
2021-08-10,tmax,21.1,16.58
2021-08-10,prec,8.6,15.81
2021-08-11,tmed,12.15,12.36
2021-08-11,ur,80,75.75
2021-08-11,tmin,9.8,6.55
2021-08-11,tmax,15.9,18.4
2021-08-11,prec,0.2,0.17
2021-08-12,tmed,9.7,10.4
2021-08-12,ur,76.2727272727273,83.38
2021-08-12,tmin,5.4,4.1
2021-08-12,tmax,15.8,16.4
2021-08-12,prec,0,0.75
2021-08-13,tmed,12.7909090909091,14.64
2021-08-13,ur,79.4545454545455,80.44
2021-08-13,tmin,8.3,8.4
2021-08-13,tmax,18.1,21.21
2021-08-13,prec,0,0.08
2021-08-14,tmed,14.9636363636364,14.97
2021-08-14,ur,82.3636363636364,89
2021-08-14,tmin,12.4,9.87
2021-08-14,tmax,18.6,20.17
2021-08-14,prec,0,0.13
2021-08-15,tmed,16.2045454545455,17.11
2021-08-15,ur,83.0454545454546,81.69
2021-08-15,tmin,11.4,12.91
2021-08-15,tmax,22.1,23.37
2021-08-15,prec,0,0.01
2021-08-16,tmed,18.5590909090909,18.47
2021-08-16,ur,72.5,78.31
2021-08-16,tmin,13.3,11.19
2021-08-16,tmax,26.1,25.85
2021-08-16,prec,0,0.01
2021-08-17,tmed,21.3090909090909,20.62
2021-08-17,ur,69.9545454545455,77.75
2021-08-17,tmin,15.4,12.71
2021-08-17,tmax,30.5,29.79
2021-08-17,prec,0,0.07
2021-08-18,tmed,25.1318181818182,22.78
2021-08-18,ur,50.0909090909091,68.75
2021-08-18,tmin,19,17.23
2021-08-18,tmax,33.2,30.94
2021-08-18,prec,0,0.12
2021-08-19,tmed,25.15,23.19
2021-08-19,ur,47.1363636363636,61.62
2021-08-19,tmin,17.4,18.5
2021-08-19,tmax,32.8,31.33
2021-08-19,prec,0,0.02
2021-08-20,tmed,24.7727272727273,22.95
2021-08-20,ur,43.4545454545455,61.38
2021-08-20,tmin,17.6,17.68
2021-08-20,tmax,30.7,30.83
2021-08-20,prec,0,0.37
2021-08-21,tmed,22.7636363636364,22.1
2021-08-21,ur,50.1363636363636,62.12
2021-08-21,tmin,18.6,15.71
2021-08-21,tmax,30.1,30.74
2021-08-21,prec,0,0.04
2021-08-22,tmed,24.3818181818182,22.19
2021-08-22,ur,40.5454545454545,55.12
2021-08-22,tmin,18.5,16.5
2021-08-22,tmax,31.3,31
2021-08-22,prec,0,0
2021-08-23,tmed,24.2272727272727,23.44
2021-08-23,ur,41.9090909090909,59.12
2021-08-23,tmin,19.7,17.16
2021-08-23,tmax,30.8,31.7
2021-08-23,prec,0,0.23
2021-08-24,tmed,23.7772727272727,21.05
2021-08-24,ur,55.8636363636364,80.06
2021-08-24,tmin,21,18.85
2021-08-24,tmax,26.4,25.88
2021-08-24,prec,1,7.76
2021-08-25,tmed,19.7545454545455,20.27
2021-08-25,ur,89.6818181818182,84.06
2021-08-25,tmin,18.6,14.84
2021-08-25,tmax,22.4,27.85
2021-08-25,prec,9.6,5.92
2021-08-26,tmed,14.1045454545455,15.1
2021-08-26,ur,88.7727272727273,82.75
2021-08-26,tmin,12.4,10.69
2021-08-26,tmax,17.1,19.18
2021-08-26,prec,7.4,0.66
2021-08-27,tmed,13.1863636363636,14.12
2021-08-27,ur,82.1818181818182,75.81
2021-08-27,tmin,9.8,7.78
2021-08-27,tmax,19.8,21.88
2021-08-27,prec,0,0.04
2021-08-28,tmed,16.2409090909091,17.96
2021-08-28,ur,71.8636363636364,72.12
2021-08-28,tmin,11.3,10.23
2021-08-28,tmax,22.9,25.83
2021-08-28,prec,0,0.02
2021-08-29,tmed,18.7136363636364,18.83
2021-08-29,ur,70.4545454545455,70.94
2021-08-29,tmin,14.6,13.84
2021-08-29,tmax,24,25.13
2021-08-29,prec,0,0
2021-08-30,tmed,18.9681818181818,18.9
2021-08-30,ur,66.7272727272727,68.12
2021-08-30,tmin,14.1,11.9
2021-08-30,tmax,25.1,27.17
2021-08-30,prec,0,0
2021-08-31,tmed,20.25,19.8
2021-08-31,ur,58.6363636363636,63.12
2021-08-31,tmin,15.6,13.25
2021-08-31,tmax,26.2,27.79
2021-08-31,prec,0,0.01
2021-09-01,tmed,20.6,20.24
2021-09-01,ur,57.1363636363636,61.81
2021-09-01,tmin,15.9,12.98
2021-09-01,tmax,27,28.61
2021-09-01,prec,0,0
2021-09-02,tmed,22.5136363636364,22.17
2021-09-02,ur,50.2272727272727,56.19
2021-09-02,tmin,17,15.6
2021-09-02,tmax,30.5,30.51
2021-09-02,prec,0,0.01
2021-09-03,tmed,21.4681818181818,21.18
2021-09-03,ur,67.0454545454546,67.19
2021-09-03,tmin,15.7,16.38
2021-09-03,tmax,27.6,29.01
2021-09-03,prec,0,0.01
2021-09-04,tmed,18.8136363636364,20.31
2021-09-04,ur,84.0909090909091,81.19
2021-09-04,tmin,16.1,14.47
2021-09-04,tmax,24.3,27.93
2021-09-04,prec,9.4,9.81
2021-09-05,tmed,19.0909090909091,19.94
2021-09-05,ur,85.3636363636364,80.75
2021-09-05,tmin,15.5,14.54
2021-09-05,tmax,23.1,26.43
2021-09-05,prec,15,3.39
2021-09-06,tmed,17.1272727272727,19.62
2021-09-06,ur,90.3181818181818,73.38
2021-09-06,tmin,13.8,12.54
2021-09-06,tmax,21.5,28.76
2021-09-06,prec,17.2,4.18
2021-09-07,tmed,20.2181818181818,24.09
2021-09-07,ur,77.2727272727273,66.44
2021-09-07,tmin,17.3,16.83
2021-09-07,tmax,25.7,32.28
2021-09-07,prec,0,3.95
2021-09-08,tmed,20.7590909090909,21.15
2021-09-08,ur,82.9090909090909,76.75
2021-09-08,tmin,18.7,15.4
2021-09-08,tmax,22.6,24.8
2021-09-08,prec,17.8,23.14
2021-09-09,tmed,15.1136363636364,15.16
2021-09-09,ur,79.6818181818182,73.88
2021-09-09,tmin,10.8,10.11
2021-09-09,tmax,19.4,21.23
2021-09-09,prec,1.8,0.15
2021-09-10,tmed,13.7409090909091,13.76
2021-09-10,ur,73.9090909090909,76.38
2021-09-10,tmin,8.3,8.12
2021-09-10,tmax,19.6,21.33
2021-09-10,prec,0,0.11
2021-09-11,tmed,15.35,15.58
2021-09-11,ur,70.0909090909091,70.44
2021-09-11,tmin,10.4,7.43
2021-09-11,tmax,23.2,23.65
2021-09-11,prec,0,0.03
2021-09-12,tmed,21.9045454545455,22
2021-09-12,ur,57.0454545454546,70.62
2021-09-12,tmin,15.9,13.17
2021-09-12,tmax,31.4,30.93
2021-09-12,prec,0,0.01
2021-09-13,tmed,27.1590909090909,25.01
2021-09-13,ur,51.5,72.88
2021-09-13,tmin,21.2,19.81
2021-09-13,tmax,32.9,33.37
2021-09-13,prec,0,30.12
2021-09-14,tmed,19.8909090909091,20.08
2021-09-14,ur,93.5909090909091,83.5
2021-09-14,tmin,17.6,14.65
2021-09-14,tmax,26.1,24.19
2021-09-14,prec,44.6,23.63
2021-09-15,tmed,14.5,15.83
2021-09-15,ur,87.0454545454546,68.69
2021-09-15,tmin,10.7,11.55
2021-09-15,tmax,17.5,22.4
2021-09-15,prec,0,0.38
2021-09-16,tmed,14.5818181818182,16.31
2021-09-16,ur,85.5454545454546,81.94
2021-09-16,tmin,11.5,10.13
2021-09-16,tmax,17.3,23.4
2021-09-16,prec,1,15.63
2021-09-17,tmed,16.7909090909091,17.25
2021-09-17,ur,93.6363636363637,92.31
2021-09-17,tmin,15.6,15.12
2021-09-17,tmax,19,20.69
2021-09-17,prec,9.2,28.63
2021-09-18,tmed,20.2,21.57
2021-09-18,ur,77.6818181818182,81.88
2021-09-18,tmin,15.6,16.06
2021-09-18,tmax,28.6,28.09
2021-09-18,prec,0,0.29
2021-09-19,tmed,25.4636363636364,24.02
2021-09-19,ur,75.0909090909091,81.69
2021-09-19,tmin,20.8,18.55
2021-09-19,tmax,33.6,30.33
2021-09-19,prec,0,0.05
2021-09-20,tmed,27.8227272727273,25.12
2021-09-20,ur,60.1818181818182,79.5
2021-09-20,tmin,22.9,20.8
2021-09-20,tmax,34,32.06
2021-09-20,prec,0,2.01
2021-09-21,tmed,20.0318181818182,17.17
2021-09-21,ur,88.5,83.25
2021-09-21,tmin,16.9,11.62
2021-09-21,tmax,27.4,21.01
2021-09-21,prec,7.6,10.15
2021-09-22,tmed,14.8909090909091,16.18
2021-09-22,ur,69.0909090909091,67.69
2021-09-22,tmin,9.1,8.53
2021-09-22,tmax,23.2,23.15
2021-09-22,prec,0,0.03
2021-09-23,tmed,15.9545454545455,17.71
2021-09-23,ur,75.6363636363636,82.06
2021-09-23,tmin,14.6,13.75
2021-09-23,tmax,19.6,22.94
2021-09-23,prec,0.8,8.62
2021-09-24,tmed,17.1545454545455,17.74
2021-09-24,ur,81.5,78.75
2021-09-24,tmin,14,12.54
2021-09-24,tmax,21.7,23.8
2021-09-24,prec,0.6,1.34
2021-09-25,tmed,17.0727272727273,17.08
2021-09-25,ur,73.5909090909091,75.06
2021-09-25,tmin,12.4,9.91
2021-09-25,tmax,24.5,24.33
2021-09-25,prec,0,0.02
2021-09-26,tmed,19.9,19.15
2021-09-26,ur,62.5,70.25
2021-09-26,tmin,13.3,10.59
2021-09-26,tmax,29.2,27.9
2021-09-26,prec,0,0
2021-09-27,tmed,23.1136363636364,22.3
2021-09-27,ur,54.5,71
2021-09-27,tmin,16.5,12.75
2021-09-27,tmax,31.9,31.04
2021-09-27,prec,0,0
2021-09-28,tmed,22.0590909090909,22.6
2021-09-28,ur,78.0909090909091,77.88
2021-09-28,tmin,18.7,18.27
2021-09-28,tmax,26.3,31.19
2021-09-28,prec,0,3.22
2021-09-29,tmed,20.8909090909091,21.53
2021-09-29,ur,78.8636363636364,76.81
2021-09-29,tmin,16.9,17.11
2021-09-29,tmax,26.5,28.2
2021-09-29,prec,1.2,0.1
2021-09-30,tmed,20.8590909090909,23.41
2021-09-30,ur,77.5,77.25
2021-09-30,tmin,17.1,16.97
2021-09-30,tmax,26.4,29.88
2021-09-30,prec,0,2.96
2021-10-01,tmed,21.0090909090909,22.35
2021-10-01,ur,90.6818181818182,84.25
2021-10-01,tmin,19.7,18.09
2021-10-01,tmax,23.7,27.81
2021-10-01,prec,30.2,15.86
2021-10-02,tmed,19.3545454545455,20.75
2021-10-02,ur,89.7727272727273,83.38
2021-10-02,tmin,17.2,16.29
2021-10-02,tmax,22.5,25.91
2021-10-02,prec,0.2,3.13
2021-10-03,tmed,18.3863636363636,19.83
2021-10-03,ur,95.5,90.06
2021-10-03,tmin,17.7,15.11
2021-10-03,tmax,19.9,23.6
2021-10-03,prec,20.8,5.94
2021-10-04,tmed,17.0454545454545,17.33
2021-10-04,ur,86.2272727272727,75.81
2021-10-04,tmin,14.5,11.69
2021-10-04,tmax,20.2,24
2021-10-04,prec,3.2,2.19
2021-10-05,tmed,15.6090909090909,17.98
2021-10-05,ur,75.7727272727273,66.19
2021-10-05,tmin,10,8.93
2021-10-05,tmax,23.1,25.6
2021-10-05,prec,0,0.56
2021-10-06,tmed,20.0454545454545,19.62
2021-10-06,ur,79.4090909090909,86.12
2021-10-06,tmin,18.7,16.55
2021-10-06,tmax,23.5,24.7
2021-10-06,prec,18.8,16.67
2021-10-07,tmed,17.5818181818182,17.73
2021-10-07,ur,73.8181818181818,74.19
2021-10-07,tmin,12.6,13.04
2021-10-07,tmax,23.4,24.41
2021-10-07,prec,0.6,0.21
2021-10-08,tmed,16.5636363636364,18.66
2021-10-08,ur,82.4545454545455,85.38
2021-10-08,tmin,14.2,13
2021-10-08,tmax,19.8,25.13
2021-10-08,prec,1.4,12.9
2021-10-09,tmed,18.0818181818182,19.22
2021-10-09,ur,97.0909090909091,90.44
2021-10-09,tmin,17,16.28
2021-10-09,tmax,19.3,22.67
2021-10-09,prec,54.6,24.15
2021-10-10,tmed,19.4681818181818,20.21
2021-10-10,ur,81.9090909090909,80.44
2021-10-10,tmin,15.8,14.4
2021-10-10,tmax,24.9,26.29
2021-10-10,prec,0.2,2.4
2021-10-11,tmed,19.7818181818182,19.75
2021-10-11,ur,81.9090909090909,81.75
2021-10-11,tmin,16.6,15.33
2021-10-11,tmax,25,24.69
2021-10-11,prec,21.2,5.67
2021-10-12,tmed,20.0318181818182,21.72
2021-10-12,ur,80.0454545454546,71.25
2021-10-12,tmin,16.1,16.8
2021-10-12,tmax,25.8,26.71
2021-10-12,prec,0.2,3.91
2021-10-13,tmed,21.2318181818182,21.92
2021-10-13,ur,68.7272727272727,74.06
2021-10-13,tmin,15.7,15.73
2021-10-13,tmax,29.2,27.92
2021-10-13,prec,0,0.08
2021-10-14,tmed,22.1772727272727,22.12
2021-10-14,ur,76.6363636363636,85.94
2021-10-14,tmin,17.4,18.19
2021-10-14,tmax,28.8,26
2021-10-14,prec,13.4,27.09
2021-10-15,tmed,19.4090909090909,20.16
2021-10-15,ur,93.1818181818182,90.88
2021-10-15,tmin,17.4,14.15
2021-10-15,tmax,23.2,23.92
2021-10-15,prec,58,58.67
2021-10-16,tmed,16.5363636363636,17.75
2021-10-16,ur,83.4545454545455,77.56
2021-10-16,tmin,14.5,12.44
2021-10-16,tmax,19.3,24.64
2021-10-16,prec,0,0.05
2021-10-17,tmed,16.6727272727273,18.12
2021-10-17,ur,84.2272727272727,76.56
2021-10-17,tmin,14,11.39
2021-10-17,tmax,20.4,25.45
2021-10-17,prec,0,1.18
2021-10-18,tmed,17.8590909090909,18.65
2021-10-18,ur,77.5909090909091,76.69
2021-10-18,tmin,13.6,13.54
2021-10-18,tmax,23.6,24.51
2021-10-18,prec,0,0.05
2021-10-19,tmed,18.4,17.78
2021-10-19,ur,64.9545454545455,68.19
2021-10-19,tmin,13.3,12.41
2021-10-19,tmax,24.2,24.54
2021-10-19,prec,0,0.09
2021-10-20,tmed,18.0083333333333,18.08
2021-10-20,ur,58.0833333333333,71.75
2021-10-20,tmin,12.7,11.61
2021-10-20,tmax,25.8,24.84
2021-10-20,prec,0.2,0.01
2021-10-21,tmed,17.9375,18.94
2021-10-21,ur,65,71.88
2021-10-21,tmin,11.2,11.56
2021-10-21,tmax,26.2,25.3
2021-10-21,prec,0,0.02
2021-10-22,tmed,19.9708333333333,20.37
2021-10-22,ur,62.5416666666667,67.81
2021-10-22,tmin,12.9,12.42
2021-10-22,tmax,27.8,27.11
2021-10-22,prec,0,0.01
2021-10-23,tmed,17.1083333333333,18.77
2021-10-23,ur,80.7916666666667,83.75
2021-10-23,tmin,15.2,15.21
2021-10-23,tmax,21.8,22.89
2021-10-23,prec,61.4,45.32
2021-10-24,tmed,16.7833333333333,16.68
2021-10-24,ur,75.4583333333333,71.81
2021-10-24,tmin,12.6,11.26
2021-10-24,tmax,22,22.8
2021-10-24,prec,0,0.38
2021-10-25,tmed,16.9375,18.01
2021-10-25,ur,65.6666666666667,68.19
2021-10-25,tmin,7.8,8.77
2021-10-25,tmax,25.9,26.12
2021-10-25,prec,0,0.01
2021-10-26,tmed,20.0666666666667,21.63
2021-10-26,ur,62.4166666666667,61.44
2021-10-26,tmin,11.7,12.94
2021-10-26,tmax,28.9,28.74
2021-10-26,prec,0,0
2021-10-27,tmed,23.025,22.08
2021-10-27,ur,49.8333333333333,66.69
2021-10-27,tmin,16.7,14.74
2021-10-27,tmax,30.8,29.49
2021-10-27,prec,0,0
2021-10-28,tmed,23.4333333333333,22.55
2021-10-28,ur,55.3333333333333,76.31
2021-10-28,tmin,17.6,15.23
2021-10-28,tmax,30.1,28.46
2021-10-28,prec,0,1.08
2021-10-29,tmed,22.25,22.8
2021-10-29,ur,74.4583333333333,78.75
2021-10-29,tmin,16.9,18.24
2021-10-29,tmax,30.1,28.39
2021-10-29,prec,32,9.84
2021-10-30,tmed,21.9583333333333,23.19
2021-10-30,ur,75.7083333333333,78.62
2021-10-30,tmin,17.2,17.74
2021-10-30,tmax,29.2,28.53
2021-10-30,prec,0.2,4.87
2021-10-31,tmed,22.2416666666667,22.99
2021-10-31,ur,73.125,75.5
2021-10-31,tmin,17.3,18.58
2021-10-31,tmax,29.5,28.22
2021-10-31,prec,0.6,1.25
2021-11-01,tmed,22.5875,22.77
2021-11-01,ur,68.0416666666667,72.69
2021-11-01,tmin,17.5,16.03
2021-11-01,tmax,29.2,28.85
2021-11-01,prec,0,0.16
2021-11-02,tmed,23.9333333333333,24.44
2021-11-02,ur,62,70.12
2021-11-02,tmin,19.2,18.05
2021-11-02,tmax,30.5,30.51
2021-11-02,prec,0,0.14
2021-11-03,tmed,21.8791666666667,23.77
2021-11-03,ur,76.0416666666667,76.69
2021-11-03,tmin,17,18.21
2021-11-03,tmax,29.1,29.99
2021-11-03,prec,0,4.63
2021-11-04,tmed,23.9333333333333,24.1
2021-11-04,ur,71.3333333333333,77.38
2021-11-04,tmin,17.9,18.19
2021-11-04,tmax,31.8,30.39
2021-11-04,prec,0,1.2
2021-11-05,tmed,24.1833333333333,25.07
2021-11-05,ur,73,74.56
2021-11-05,tmin,18.5,18.45
2021-11-05,tmax,31.9,31.66
2021-11-05,prec,0,12.47
2021-11-06,tmed,22.5291666666667,22.58
2021-11-06,ur,75.5,78.81
2021-11-06,tmin,18.5,18.12
2021-11-06,tmax,28.1,28.26
2021-11-06,prec,0,1.43
2021-11-07,tmed,22.5916666666667,22.51
2021-11-07,ur,69.4583333333333,73.31
2021-11-07,tmin,16.6,16.33
2021-11-07,tmax,29.4,28.94
2021-11-07,prec,0,0.01
2021-11-08,tmed,23.4833333333333,22.19
2021-11-08,ur,58.75,65.44
2021-11-08,tmin,16.5,15.44
2021-11-08,tmax,31.1,29.62
2021-11-08,prec,0,0.1
2021-11-09,tmed,22.475,21.34
2021-11-09,ur,51.75,60.56
2021-11-09,tmin,14.8,14.02
2021-11-09,tmax,30.3,29.46
2021-11-09,prec,0,0.26
2021-11-10,tmed,22.2833333333333,21.26
2021-11-10,ur,51.4166666666667,66.44
2021-11-10,tmin,15,13.94
2021-11-10,tmax,29.9,29.84
2021-11-10,prec,0,0.11
2021-11-11,tmed,22.5375,22.48
2021-11-11,ur,62.6666666666667,69.06
2021-11-11,tmin,17.1,16.69
2021-11-11,tmax,29.8,28.74
2021-11-11,prec,0,0.5
2021-11-12,tmed,22.2666666666667,23.2
2021-11-12,ur,66.9583333333333,66.25
2021-11-12,tmin,16.9,16.94
2021-11-12,tmax,29.4,29.94
2021-11-12,prec,0,0.06
2021-11-13,tmed,22.7333333333333,23.44
2021-11-13,ur,58.7083333333333,62.31
2021-11-13,tmin,17.3,16.25
2021-11-13,tmax,29.2,30.49
2021-11-13,prec,0,0.36
2021-11-14,tmed,22.0083333333333,23.82
2021-11-14,ur,52.5416666666667,56.81
2021-11-14,tmin,17.1,15.6
2021-11-14,tmax,27.4,31.69
2021-11-14,prec,0,0.1
2021-11-15,tmed,24.0291666666667,25.94
2021-11-15,ur,53.75,55.44
2021-11-15,tmin,18.7,17.26
2021-11-15,tmax,32,33.69
2021-11-15,prec,0,0.1
2021-11-16,tmed,24.8083333333333,24
2021-11-16,ur,61.125,69.62
2021-11-16,tmin,19.3,19.51
2021-11-16,tmax,31.5,31.04
2021-11-16,prec,0,0.33
2021-11-17,tmed,20.925,22.55
2021-11-17,ur,84.2916666666667,80.81
2021-11-17,tmin,19.7,16.8
2021-11-17,tmax,22.6,28.27
2021-11-17,prec,0.8,12.63
2021-11-18,tmed,19.6916666666667,21.96
2021-11-18,ur,92.1666666666667,78.94
2021-11-18,tmin,17.9,16.69
2021-11-18,tmax,22.3,28.65
2021-11-18,prec,16.2,16.87
2021-11-19,tmed,18.9791666666667,20.44
2021-11-19,ur,81.625,67.75
2021-11-19,tmin,15.9,14.24
2021-11-19,tmax,25.3,27.58
2021-11-19,prec,0,0.11
2021-11-20,tmed,20.8666666666667,21.63
2021-11-20,ur,66.25,64
2021-11-20,tmin,13.5,13.15
2021-11-20,tmax,29.1,29.96
2021-11-20,prec,0,0.06
2021-11-21,tmed,23.9875,23.95
2021-11-21,ur,49.75,58.25
2021-11-21,tmin,16.8,14.9
2021-11-21,tmax,32.3,31.69
2021-11-21,prec,0,0
2021-11-22,tmed,24.95,25.94
2021-11-22,ur,59.5833333333333,60.06
2021-11-22,tmin,16.6,16.48
2021-11-22,tmax,33.1,34.08
2021-11-22,prec,0,0.07
2021-11-23,tmed,25.6791666666667,25.86
2021-11-23,ur,59.75,62.88
2021-11-23,tmin,17.4,20.23
2021-11-23,tmax,33.9,31.93
2021-11-23,prec,0,2.23
2021-11-24,tmed,25.6958333333333,25.77
2021-11-24,ur,54.5416666666667,58.69
2021-11-24,tmin,17.8,16.71
2021-11-24,tmax,33.9,34.3
2021-11-24,prec,0,0.66
2021-11-25,tmed,25.6208333333333,27.57
2021-11-25,ur,63.3333333333333,58.88
2021-11-25,tmin,20,19.88
2021-11-25,tmax,32.3,35.9
2021-11-25,prec,18.4,3.71
2021-11-26,tmed,20.475,22.7
2021-11-26,ur,85,74.62
2021-11-26,tmin,18.3,17.59
2021-11-26,tmax,22.6,27.89
2021-11-26,prec,0,17.1
2021-11-27,tmed,20.7916666666667,22.8
2021-11-27,ur,79.375,73.5
2021-11-27,tmin,15.1,15.58
2021-11-27,tmax,27.4,29.98
2021-11-27,prec,0,0.03
2021-11-28,tmed,20.75,23.89
2021-11-28,ur,81.4583333333333,73.81
2021-11-28,tmin,17.6,18.15
2021-11-28,tmax,27.1,29.72
2021-11-28,prec,4,0.12
2021-11-29,tmed,20.5666666666667,21.77
2021-11-29,ur,70.0833333333333,65.62
2021-11-29,tmin,16.8,17.17
2021-11-29,tmax,26.2,27.92
2021-11-29,prec,0.2,0.83
2021-11-30,tmed,20.6333333333333,21.84
2021-11-30,ur,65.375,63.19
2021-11-30,tmin,12.6,14.37
2021-11-30,tmax,27.6,29.26
2021-11-30,prec,0,0
2021-12-01,tmed,22.0125,22.92
2021-12-01,ur,52.875,54.81
2021-12-01,tmin,15.6,13.7
2021-12-01,tmax,29.6,31.49
2021-12-01,prec,0,0.01
2021-12-02,tmed,23.7208333333333,24.16
2021-12-02,ur,51.4166666666667,55.12
2021-12-02,tmin,17,15.54
2021-12-02,tmax,30.7,33.21
2021-12-02,prec,0,0.01
2021-12-03,tmed,23.8333333333333,25.1
2021-12-03,ur,54.9583333333333,55.25
2021-12-03,tmin,16.3,16.26
2021-12-03,tmax,31.8,33.75
2021-12-03,prec,0,0.01
2021-12-04,tmed,24.9958333333333,27.05
2021-12-04,ur,56.1666666666667,55.19
2021-12-04,tmin,17.3,18.89
2021-12-04,tmax,32.8,34.9
2021-12-04,prec,0,0
2021-12-05,tmed,26.1333333333333,27.93
2021-12-05,ur,58.2916666666667,54.19
2021-12-05,tmin,19.3,20.48
2021-12-05,tmax,33.6,36.33
2021-12-05,prec,0,0.41
2021-12-06,tmed,24.1666666666667,24.9
2021-12-06,ur,57.7083333333333,58.44
2021-12-06,tmin,18.7,18.8
2021-12-06,tmax,30.3,32.62
2021-12-06,prec,0,0.68
2021-12-07,tmed,22.5958333333333,24.64
2021-12-07,ur,58.2916666666667,52.94
2021-12-07,tmin,17.2,17.4
2021-12-07,tmax,28.4,32.07
2021-12-07,prec,0,0.05
2021-12-08,tmed,22.3208333333333,23.39
2021-12-08,ur,47.5833333333333,44.06
2021-12-08,tmin,15.7,15.6
2021-12-08,tmax,29.4,32.23
2021-12-08,prec,0,0.01
2021-12-09,tmed,23.1916666666667,24.65
2021-12-09,ur,45.875,48.12
2021-12-09,tmin,15.3,14.73
2021-12-09,tmax,31.5,34.11
2021-12-09,prec,0,0
2021-12-10,tmed,24.9041666666667,26.02
2021-12-10,ur,45.5833333333333,47.06
2021-12-10,tmin,16.8,15.83
2021-12-10,tmax,33.2,35.51
2021-12-10,prec,0,0.11
2021-12-11,tmed,24.1833333333333,26.89
2021-12-11,ur,54.1666666666667,51.69
2021-12-11,tmin,16.8,18.62
2021-12-11,tmax,31.9,35.08
2021-12-11,prec,0.2,0.18
2021-12-12,tmed,23.9541666666667,28.13
2021-12-12,ur,68.7083333333333,53.38
2021-12-12,tmin,18.5,20.1
2021-12-12,tmax,33.5,36.94
2021-12-12,prec,2.2,1.08
2021-12-13,tmed,26.1666666666667,28.38
2021-12-13,ur,57.5833333333333,59.19
2021-12-13,tmin,20.8,22.26
2021-12-13,tmax,32.4,35.73
2021-12-13,prec,0,1.63
2021-12-14,tmed,25.6208333333333,25.83
2021-12-14,ur,70.2916666666667,77.94
2021-12-14,tmin,21.8,22.69
2021-12-14,tmax,30.7,30.78
2021-12-14,prec,0,8.32
2021-12-15,tmed,26.8708333333333,28.22
2021-12-15,ur,70.4583333333333,65.44
2021-12-15,tmin,20.6,22.09
2021-12-15,tmax,34.4,35.26
2021-12-15,prec,0,1.82
2021-12-16,tmed,26.1708333333333,28.17
2021-12-16,ur,69.75,58.19
2021-12-16,tmin,21,21.4
2021-12-16,tmax,33.6,36.91
2021-12-16,prec,0,0.04
2021-12-17,tmed,26.2833333333333,27.42
2021-12-17,ur,57.9166666666667,52.56
2021-12-17,tmin,19.1,19.12
2021-12-17,tmax,34.3,36.77
2021-12-17,prec,0,0
2021-12-18,tmed,27.35,28.96
2021-12-18,ur,52.4166666666667,55.62
2021-12-18,tmin,20.1,21.54
2021-12-18,tmax,36,36.64
2021-12-18,prec,0,0
2021-12-19,tmed,26.7041666666667,29.53
2021-12-19,ur,62,55.12
2021-12-19,tmin,21,21.33
2021-12-19,tmax,35.1,36.51
2021-12-19,prec,12.6,1.57
2021-12-20,tmed,24.6666666666667,30.32
2021-12-20,ur,70,52
2021-12-20,tmin,18.7,21.63
2021-12-20,tmax,34.3,38.58
2021-12-20,prec,34.6,0.69
2021-12-21,tmed,25.1291666666667,29.67
2021-12-21,ur,67.5416666666667,56.62
2021-12-21,tmin,17.5,22.48
2021-12-21,tmax,34.4,37.46
2021-12-21,prec,0,1.49
2021-12-22,tmed,27.1375,28.76
2021-12-22,ur,55.25,53.12
2021-12-22,tmin,22.1,22.05
2021-12-22,tmax,32.9,36.8
2021-12-22,prec,0,0.82
2021-12-23,tmed,23.2166666666667,24.94
2021-12-23,ur,50.0833333333333,43.31
2021-12-23,tmin,15.9,16.46
2021-12-23,tmax,30.1,33.84
2021-12-23,prec,0,0.02
2021-12-24,tmed,24.0458333333333,25.94
2021-12-24,ur,46.9583333333333,44.81
2021-12-24,tmin,17.7,17.41
2021-12-24,tmax,31.9,35.04
2021-12-24,prec,0,0.01
2021-12-25,tmed,26.05,27.86
2021-12-25,ur,41.875,40
2021-12-25,tmin,19.4,17.66
2021-12-25,tmax,34.3,37.44
2021-12-25,prec,0,0
2021-12-26,tmed,26.6708333333333,28.04
2021-12-26,ur,38.7916666666667,43.81
2021-12-26,tmin,16.3,18.76
2021-12-26,tmax,34.2,35.67
2021-12-26,prec,0,0.22
2021-12-27,tmed,26.5208333333333,28.51
2021-12-27,ur,45.7083333333333,40.5
2021-12-27,tmin,19.4,19.97
2021-12-27,tmax,34.1,37.64
2021-12-27,prec,0,0.06
2021-12-28,tmed,27.1458333333333,28.99
2021-12-28,ur,31.5833333333333,35.62
2021-12-28,tmin,17.1,19.37
2021-12-28,tmax,34.6,37.94
2021-12-28,prec,0,0.49
2021-12-29,tmed,26.75,29.9
2021-12-29,ur,47.8333333333333,44.75
2021-12-29,tmin,21.9,21.15
2021-12-29,tmax,34.8,38.24
2021-12-29,prec,0,0.33
2021-12-30,tmed,23.2541666666667,26.23
2021-12-30,ur,67.0833333333333,65.44
2021-12-30,tmin,19.2,21.17
2021-12-30,tmax,32.6,31.29
2021-12-30,prec,2,10.52
2021-12-31,tmed,23.9916666666667,26.74
2021-12-31,ur,65.75,58.94
2021-12-31,tmin,18.3,19.19
2021-12-31,tmax,32.4,34.57
2021-12-31,prec,0.2,0.38
2022-01-01,tmed,26.6958333333333,29.71
2022-01-01,ur,53.0416666666667,45.25
2022-01-01,tmin,19,19.81
2022-01-01,tmax,35.6,37.39
2022-01-01,prec,0,0
