ENV;GEN ;REP;GMC;PH;EH;BTL;GY;EL;ER;GWE;HSW
GC2019;G1;1;26.3;315;108;1.3;9.05;16.3;16;178.7;33.8
GC2019;G1;2;26.1;320;105;1.7;9.82;16;16.4;185.49;32.11
GC2019;G1;3;26.6;312;113;2.1;8.32;16.8;16.2;168.54;36.3
GC2019;G2;1;22;320;114;0.9;9.47;17.8;16;131.8;36.7
GC2019;G2;2;21.8;325;111;1.3;10.27;17.5;16.4;136.81;34.87
GC2019;G2;3;22.3;317;119;1.7;8.7;18.3;16.2;124.3;39.42
GC2019;G3;1;23.5;268;86;2;10.58;17.1;16.8;181.8;35.3
GC2019;G3;2;23.3;273;83;2.4;11.48;16.8;17.2;188.71;33.54
GC2019;G3;3;23.8;265;91;2.8;9.72;17.6;17;171.46;37.91
GC2019;G4;1;20;260;95;1.2;9.65;17.1;16.8;168.2;36.3
GC2019;G4;2;19.8;265;92;1.6;10.47;16.8;17.2;174.59;34.49
GC2019;G4;3;20.3;257;100;2;8.87;17.6;17;158.63;38.99
GC2019;G5;1;23;302;125;0.8;10.69;19.7;15.6;214.7;37.3
GC2019;G5;2;22.8;307;122;1.2;11.6;19.4;16;222.86;35.44
GC2019;G5;3;23.3;299;130;1.6;9.82;20.2;15.8;202.49;40.06
GC2019;G6;1;21.2;273;105;0.4;9.71;19;15.2;154.5;32.1
GC2019;G6;2;21;278;102;0.8;10.54;18.7;15.6;160.37;30.5
GC2019;G6;3;21.5;270;110;1.2;8.92;19.5;15.4;145.71;34.48
GC2019;G7;1;19.8;250;93;0.8;8.66;18.6;13.2;129.2;33.3
GC2019;G7;2;19.6;255;90;1.2;9.39;18.3;13.6;134.11;31.64
GC2019;G7;3;20.1;247;98;1.6;7.95;19.1;13.4;121.85;35.76
GC2019;G8;1;23.1;283;100;1;8.32;15.9;18.8;146.7;32.3
GC2019;G8;2;22.9;288;97;1.4;9.02;15.6;19.2;152.27;30.69
GC2019;G8;3;23.4;280;105;1.8;7.64;16.4;19;138.36;34.69
GC2019;G9;1;25;238;92;0.7;10.49;16.4;15.2;174.1;35.5
GC2019;G9;2;24.8;243;89;1.1;11.38;16.1;15.6;180.72;33.73
GC2019;G9;3;25.3;235;97;1.5;9.64;16.9;15.4;164.2;38.13
GC2019;G10;1;25.8;258;83;1.7;9.37;18.5;16.4;171.5;35.2
GC2019;G10;2;25.6;263;80;2.1;10.17;18.2;16.8;178.02;33.44
GC2019;G10;3;26.1;255;88;2.5;8.61;19;16.6;161.75;37.8
GC2019;G11;1;25.3;265;109;0.6;9.88;16.4;16.4;162.8;27.5
GC2019;G11;2;25.1;270;106;1;10.72;16.1;16.8;168.99;26.13
GC2019;G11;3;25.6;262;114;1.4;9.08;16.9;16.6;153.54;29.54
GC2019;G12;1;22.9;273;104;1.3;9.83;13;18;159;36.9
GC2019;G12;2;22.7;278;101;1.7;10.66;12.7;18.4;165.04;35.06
GC2019;G12;3;23.2;270;109;2.1;9.03;13.5;18.2;149.96;39.63
GC2019;G13;1;24.8;260;107;0.6;9.84;17.5;15.2;196.7;36.3
GC2019;G13;2;24.6;265;104;0.2;10.67;17.2;15.6;177.78;34.49
GC2019;G13;3;25.1;257;112;1.4;9.04;18;15.4;185.51;38.99
GC2019;G14;1;24.4;270;97;2.6;9.67;17.4;18.4;148.9;36.8
GC2019;G14;2;24.2;275;94;2.2;10.49;17.1;18.8;134.58;34.96
GC2019;G14;3;24.7;267;102;3.4;8.89;17.9;18.6;140.43;39.52
GC2019;G15;1;26.5;301;125;0;10.06;17;15.6;191.5;35.3
GC2019;G15;2;26.3;306;122;0;10.92;16.7;16;173.08;33.54
GC2019;G15;3;26.8;299;130;0.8;9.25;17.5;15.8;180.61;37.91
GC2019;G16;1;24.2;266;88;1.4;9.29;20.1;14.8;184;37.7
GC2019;G16;2;24;271;85;1;10.08;19.8;15.2;166.3;35.82
GC2019;G16;3;24.5;264;93;2.2;8.54;20.6;15;173.53;40.49
GC2019;G17;1;23.4;302;110;1.3;8.9;14.3;16;134;32.8
GC2019;G17;2;23.1;307;107;0.9;9.66;14;16.4;121.11;31.16
GC2019;G17;3;23.6;300;115;2.1;8.18;14.8;16.2;126.38;35.23
GC2019;G18;1;27.4;273;115;0.2;10.18;17.1;15.2;195.9;35.2
GC2019;G18;2;27.1;278;112;0;11.04;16.8;15.6;177.05;33.44
GC2019;G18;3;27.6;271;120;1;9.35;17.6;15.4;184.76;37.8
GC2019;G19;1;25.4;248;91;0.4;9.11;16.7;15.2;156.8;35
GC2019;G19;2;25.1;253;88;0;9.88;16.2;15.6;141.72;33.25
GC2019;G19;3;25.6;246;96;1.2;8.37;17.3;15.4;147.88;37.59
GC2019;G20;1;32.4;270;98;0.9;10.01;20.8;16;178.8;34.4
GC2019;G20;2;32.1;275;95;0.5;10.86;20.3;16.4;161.6;32.68
GC2019;G20;3;32.6;268;103;1.7;9.2;21.4;16.2;168.63;36.95
GC2019;G21;1;28.3;292;103;1.3;9.02;17.9;16.4;158.3;33.4
GC2019;G21;2;28;297;100;0.9;9.79;17.4;16.8;143.07;31.73
GC2019;G21;3;28.5;290;108;2.1;8.29;18.5;16.6;149.3;35.87
GC2019;G22;1;27.9;237;68;1;9.18;17.4;15.2;161.4;32.3
GC2019;G22;2;27.6;242;65;0.6;9.96;16.9;15.6;145.87;30.69
GC2019;G22;3;28.1;235;73;1.8;8.43;18;15.4;152.22;34.69
GC2019;G23;1;26.9;253;94;0;8.96;17.4;17.2;153.3;35.3
GC2019;G23;2;26.6;258;91;0;9.72;16.9;17.6;138.55;33.54
GC2019;G23;3;27.1;251;99;0.8;8.23;18;17.4;144.58;37.91
GC2019;G24;1;29.3;282;91;0.4;10.39;21.3;16.8;193.9;35.5
GC2019;G24;2;29;287;88;0;11.27;20.8;17.2;175.25;33.73
GC2019;G24;3;29.5;280;96;1.2;9.55;21.9;17;182.87;38.13
GC2019;G25;1;27.7;251;85;0.3;8.86;19.2;13.2;149.2;33.3
GC2019;G25;2;27.4;257;82;0.7;9.61;18.7;13.6;134.85;31.64
GC2019;G25;3;27.9;249;90;1.1;8.14;19.8;13.4;140.71;35.76
GC2019;G26;1;26;251;85;0;8.75;19.3;13.2;146.8;33.2
GC2019;G26;2;25.7;257;82;0.4;9.49;18.8;13.6;132.68;31.54
GC2019;G26;3;26.2;249;90;0.8;8.04;19.9;13.4;138.45;35.66
HD2019;G1;1;27.9;272;103;0.5;6.86;17.4;16;105.6;30.8
HD2019;G1;2;27.6;278;100;0.9;7.45;16.9;16.4;115.04;28.03
HD2019;G1;3;27.6;270;108;0.8;6.31;18;16.2;110.28;33.08
HD2019;G2;1;28;290;90;0.4;8.66;16.9;17.6;124.7;31.6
HD2019;G2;2;27.7;296;87;0.8;9.4;16.4;18;135.85;28.76
HD2019;G2;3;27.7;288;95;0.7;7.96;17.5;17.8;130.23;33.94
HD2019;G3;1;26.4;251;81;1.1;9.82;16.8;18;145.4;30.6
HD2019;G3;2;26.1;257;78;1.5;10.65;16.3;18.4;158.4;27.85
HD2019;G3;3;26.1;249;86;1.4;9.02;17.4;18.2;151.84;32.86
HD2019;G4;1;24.9;252;91;0.6;9.39;17.4;16.8;139.2;34.5
HD2019;G4;2;24.6;258;88;1;10.19;16.9;16.4;151.64;31.4
HD2019;G4;3;24.6;250;96;0.9;8.63;18;17.2;145.37;37.05
HD2019;G5;1;27.5;267;88;1.1;9.03;17.2;16.8;135.4;31.7
HD2019;G5;2;27.2;273;85;1.5;9.79;16.7;16.4;147.5;28.85
HD2019;G5;3;27.2;265;93;1.4;8.29;17.8;17.2;141.4;34.05
HD2019;G6;1;25.4;252;100;0.6;9.02;19;13.2;135.3;30
HD2019;G6;2;25.1;258;97;1;9.79;18.5;12.8;147.39;27.3
HD2019;G6;3;25.1;250;105;0.9;8.29;19.6;13.6;141.3;32.22
HD2019;G7;1;25.1;240;80;0.5;9.75;16.4;14.4;144.5;33.4
HD2019;G7;2;24.7;246;77;0.9;10.58;15.9;14;157.42;30.39
HD2019;G7;3;24.7;238;85;0.8;8.96;17;14.8;150.9;35.87
HD2019;G8;1;26.3;257;80;0.7;8.23;16.2;18.8;125;27.7
HD2019;G8;2;25.9;263;77;1.1;8.92;15.7;18.4;136.17;25.21
HD2019;G8;3;25.9;255;85;1;7.56;16.8;19.2;130.54;29.75
HD2019;G9;1;28.1;241;87;0;9.35;15.1;15.2;138.5;31.1
HD2019;G9;2;27.7;247;84;0.4;10.15;14.6;14.8;150.88;33.43
HD2019;G9;3;27.7;239;92;0.3;8.59;15.7;15.6;144.64;28.29
HD2019;G10;1;26.5;252;105;1;8.94;19.6;17.2;135.7;32.7
HD2019;G10;2;26.1;258;102;1.4;9.7;19.1;16.8;147.83;35.15
HD2019;G10;3;26.1;250;110;1.3;8.22;20.2;17.6;141.71;29.74
HD2019;G11;1;28.1;253;101;0.3;9.31;16.9;16.4;139.6;30.3
HD2019;G11;2;27.7;259;98;0.7;10.1;16.4;16;152.08;32.57
HD2019;G11;3;27.7;251;106;0.6;8.56;17.5;16.8;145.79;27.56
HD2019;G12;1;26.1;245;82;1;8.86;16.6;17.2;136.3;34
HD2019;G12;2;25.7;251;79;1.4;9.61;16.1;16.8;148.48;36.55
HD2019;G12;3;25.7;243;87;1.3;8.14;17.2;17.6;142.34;30.92
HD2019;G13;1;28.8;243;100;0.2;9.86;18.4;17.6;146;31.8
HD2019;G13;2;28.4;249;97;0.6;10.7;17.9;17.2;159.05;34.19
HD2019;G13;3;28.4;241;105;0.5;9.06;19;18;152.47;28.92
HD2019;G14;1;25.6;270;93;1;9.84;18.1;20;145.8;31.3
HD2019;G14;2;25.2;276;90;1.4;10.68;17.6;19.6;158.83;33.65
HD2019;G14;3;24.9;268;98;1.3;9.04;18.7;20.4;152.26;28.47
HD2019;G15;1;29.2;286;105;0.4;8.59;16.8;16.8;132.1;37.3
HD2019;G15;2;28.8;292;102;0.8;9.32;16.3;16.4;143.91;40.1
HD2019;G15;3;28.5;284;110;0.7;7.89;17.4;17.2;137.95;33.92
HD2019;G16;1;28.2;252;89;1.2;8.33;21.4;16.5;129.8;32.9
HD2019;G16;2;27.8;258;86;1.6;9.04;20.9;16.1;141.4;35.37
HD2019;G16;3;27.5;250;94;1.5;7.65;21.8;16.9;135.55;29.92
HD2019;G17;1;26.2;290;105;0.3;7.21;18.2;16;115.3;35.5
HD2019;G17;2;25.8;296;102;0.7;7.82;17.7;15.6;125.61;38.16
HD2019;G17;3;25.5;288;110;0.6;6.62;18.6;16.4;120.41;32.29
HD2019;G18;1;28.6;262;98;0.2;8.48;17.6;16.4;128.7;33.5
HD2019;G18;2;28.2;268;95;0.6;9.2;17.1;16;140.2;36.01
HD2019;G18;3;27.9;260;103;0.5;7.79;18;16.8;134.4;30.47
HD2019;G19;1;28.4;235;90;0.2;8.22;15;15.2;124.8;33.1
HD2019;G19;2;28;241;87;0.6;8.92;14.3;14.8;135.95;35.58
HD2019;G19;3;27.7;233;95;0.5;7.55;15.4;15.6;130.33;30.1
HD2019;G20;1;33.3;317;123;2;9.34;20.4;16;143.6;33.9
HD2019;G20;2;32.9;323;120;2.6;10.14;19.7;15.6;156.44;36.44
HD2019;G20;3;32.6;315;128;2.2;8.59;20.8;16.4;149.96;30.83
HD2019;G21;1;29.1;321;133;2;11.6;19.6;16.4;158.7;37.3
HD2019;G21;2;28.7;327;130;2.6;12.59;18.9;16;172.88;40.1
HD2019;G21;3;28.4;319;138;2.2;10.66;20;16.8;165.73;33.92
HD2019;G22;1;32.1;254;98;1.5;10.18;18.8;17.2;164.1;30.2
HD2019;G22;2;31.7;260;95;2.1;11.04;18.1;16.8;178.77;32.47
HD2019;G22;3;31.4;252;103;1.7;9.35;19.2;17.6;171.37;27.47
HD2019;G23;1;29.9;272;116;0.5;11.67;19.2;16.8;161.7;36.2
HD2019;G23;2;29.5;278;113;1.1;12.66;18.5;16.4;176.15;38.92
HD2019;G23;3;29.2;270;121;0.7;10.72;19.6;17.2;168.87;32.92
HD2019;G24;1;31.1;303;127;1;12.28;20.6;16.8;169.2;37.4
HD2019;G24;2;30.7;309;124;1.6;13.32;19.9;16.4;184.32;40.21
HD2019;G24;3;30.4;301;132;1.2;11.28;21;17.2;176.7;34.02
HD2019;G25;1;31.6;259;102;0.5;11.77;20;14.4;179.5;33.1
HD2019;G25;2;31.2;265;99;1.1;12.77;19.3;14;195.54;35.58
HD2019;G25;3;30.9;257;107;0.7;10.81;20.4;14.8;187.45;30.1
HD2019;G26;1;29.9;239;77;0;10.63;20.2;13.6;133.8;33
HD2019;G26;2;29.5;245;74;0.6;11.54;19.5;13.2;145.76;35.48
HD2019;G26;3;29.2;235;82;0.2;9.77;20.6;14;139.73;30.01
SZ2019;G1;1;35.5;318;122;1.5;11.41;17.4;16.6;176.4;37.2
SZ2019;G1;2;35.2;324;119;2.1;12.38;16.7;16.2;192.17;39.99
SZ2019;G1;3;35.6;314;127;1.7;10.48;17.8;17;184.22;33.83
SZ2019;G2;1;27.2;315;105;1.5;10.7;17.4;17.4;169.5;33.1
SZ2019;G2;2;26.9;321;102;2.1;11.61;16.7;17;184.65;35.58
SZ2019;G2;3;27.3;311;110;1.7;9.83;17.8;17.8;177.01;30.1
SZ2019;G3;1;20.3;280;98;2.7;10.04;15.3;18;153.9;30.2
SZ2019;G3;2;20;286;95;3.3;10.89;14.6;17.6;167.66;32.47
SZ2019;G3;3;20.4;276;103;2.9;9.23;15.7;18.4;160.72;27.47
SZ2019;G4;1;18.7;278;95;1.9;10.48;17.8;17.4;160.3;36.8
SZ2019;G4;2;18.4;284;92;2.5;11.37;17.1;17;174.63;39.56
SZ2019;G4;3;18.8;274;100;2.1;9.63;18.2;17.8;167.4;33.47
SZ2019;G5;1;28.8;295;107;1.4;11.54;18.8;17;172;34.3
SZ2019;G5;2;28.5;301;104;2;12.52;18.4;16.6;187.37;36.87
SZ2019;G5;3;28.9;291;112;1.6;10.6;19.4;17.4;179.62;31.2
SZ2019;G6;1;17.4;271;90;1.3;11.6;18.5;14.8;137.9;30.2
SZ2019;G6;2;17.1;277;87;1.9;12.59;18.1;14.4;150.23;32.47
SZ2019;G6;3;17.5;267;95;1.5;10.66;19.1;15.2;144.01;27.47
SZ2019;G7;1;31.6;260;80;1.2;9.24;17.8;13.4;135.8;34.4
SZ2019;G7;2;31.3;266;77;1.8;10.02;17.4;13;147.94;36.98
SZ2019;G7;3;31.7;256;85;1.4;8.49;18.4;13.8;141.82;31.29
SZ2019;G8;1;22;302;92;1.6;9.94;17.3;19;148.5;32
SZ2019;G8;2;21.7;308;89;2.2;10.79;16.9;18.6;161.77;34.4
SZ2019;G8;3;22.1;298;97;1.8;9.14;17.9;19.4;155.08;29.1
SZ2019;G9;1;31.1;258;112;1.2;11.24;16.9;15.6;168.4;31.6
SZ2019;G9;2;30.8;264;109;1.8;12.19;16.5;15.2;183.45;33.97
SZ2019;G9;3;31.2;254;117;1.4;10.33;17.5;16;175.86;28.74
SZ2019;G10;1;32.6;284;107;1.8;10.28;20.6;16;151;32.9
SZ2019;G10;2;32.3;290;104;2.4;11.15;20.2;15.6;164.5;35.37
SZ2019;G10;3;32.7;280;112;2;9.45;21.2;16.4;157.69;29.92
SZ2019;G11;1;19.3;274;106;1;11.07;16.3;17.6;139.2;26
SZ2019;G11;2;19;280;103;1.6;12.01;15.9;17.2;151.64;27.95
SZ2019;G11;3;19.4;270;111;1.2;10.18;16.9;18;145.37;23.65
SZ2019;G12;1;20.9;295;104;2.1;11.25;16.4;17.4;143.6;36.2
SZ2019;G12;2;20.6;301;101;2.7;12.21;16;17;156.44;38.92
SZ2019;G12;3;21;291;109;2.3;10.34;17;17.8;149.96;32.92
SZ2019;G13;1;33.7;271;98;0.9;12.6;17.4;16.2;190.8;35.9
SZ2019;G13;2;33.4;277;95;1.5;13.67;17;15.8;207.85;38.59
SZ2019;G13;3;33.8;267;103;1.1;11.58;18;16.6;199.25;32.65
SZ2019;G14;1;25.4;294;113;4.1;8.99;16.2;19.4;136.9;31.3
SZ2019;G14;2;25.1;300;110;4.7;9.75;15.8;19;149.14;33.65
SZ2019;G14;3;25.5;290;118;4.3;8.26;16.8;19.8;142.97;28.47
SZ2019;G15;1;32.3;309;135;1.4;11.42;17.4;16.2;179.3;34
SZ2019;G15;2;32;315;132;2;12.39;17;15.8;163.05;36.55
SZ2019;G15;3;32.4;305;140;1.6;10.49;18;16.6;187.25;30.92
SZ2019;G16;1;28.5;271;95;2;10.03;17.5;16;148.6;33.4
SZ2019;G16;2;28.2;277;92;2.6;10.89;17.1;15.6;135.13;35.91
SZ2019;G16;3;28.6;267;100;2.2;9.22;18.1;16.4;155.18;30.38
SZ2019;G17;1;31.7;318;105;2.8;10.97;19.2;17.4;160.3;37.5
SZ2019;G17;2;31.4;324;102;3.4;11.9;18.8;17;145.77;40.31
SZ2019;G17;3;31.8;314;110;3;10.08;19.8;17.8;167.4;34.11
SZ2019;G18;1;28.2;284;125;0.7;9.63;16.8;16;145.1;27.6
SZ2019;G18;2;27.9;290;122;1.5;10.45;16.4;15.4;131.95;29.67
SZ2019;G18;3;28.3;280;130;0.9;8.85;17.4;16.2;151.53;25.1
SZ2019;G19;1;31.8;281;119;1.9;10.53;15.8;14.8;162.9;34.1
SZ2019;G19;2;31.5;287;116;2.7;11.42;15.4;14.2;148.14;36.66
SZ2019;G19;3;31.9;277;124;2.2;9.67;16.4;15;170.12;31.01
SZ2019;G20;1;16.8;292;106;1;8.33;17.6;15.2;145.5;39.6
SZ2019;G20;2;16.5;298;103;1.8;9.03;17.2;14.6;132.31;42.57
SZ2019;G20;3;16.9;288;111;1.3;7.65;18.2;15.4;151.95;36.02
SZ2019;G21;1;17.4;288;89;2;9.68;16;15.6;143.5;35
SZ2019;G21;2;17.1;294;86;2.8;10.5;15.6;15;130.5;37.63
SZ2019;G21;3;17.5;284;94;2.3;8.89;16.6;15.8;149.86;31.83
SZ2019;G22;1;16.2;235;99;1.6;8.64;16.8;15.6;139.9;35.7
SZ2019;G22;2;15.9;241;96;2.4;9.38;16.4;15;127.22;38.38
SZ2019;G22;3;16.3;231;104;1.9;7.94;17.4;15.8;146.1;32.47
SZ2019;G23;1;18.9;230;83;1.4;10.32;16.4;16;159.5;40.5
SZ2019;G23;2;18.6;236;80;2.2;11.2;16;15.4;145.05;43.54
SZ2019;G23;3;19;226;88;1.7;9.49;17;16.2;166.57;36.83
SZ2019;G24;1;20;253;88;2;9.93;18;16;165.9;35.7
SZ2019;G24;2;19.7;259;85;2.8;10.78;17.6;15.4;150.87;38.38
SZ2019;G24;3;20.1;249;93;2.3;9.13;18.6;16.2;173.25;32.47
SZ2019;G25;1;16.1;238;80;1.7;9.44;17.2;13.2;152.9;35.3
SZ2019;G25;2;15.8;244;77;2.5;10.24;16.8;12.6;139.04;37.95
SZ2019;G25;3;16.2;234;85;2;8.67;17.8;13.4;159.68;32.11
SZ2019;G26;1;17.9;222;49;1.8;9.36;17.1;13.2;144;35.4
SZ2019;G26;2;17.6;228;46;2.6;10.15;16.7;12.6;130.95;38.06
SZ2019;G26;3;18;218;54;2.1;8.6;17.7;13.4;150.38;32.2
SX2019;G1;1;35.1;307;121;2.1;10.18;20.6;16.4;135.7;34.4
SX2019;G1;2;34.8;313;118;2.9;11.04;20.1;15.8;123.4;36.98
SX2019;G1;3;35.2;301;126;2.4;9.35;21.2;16.6;141.71;31.29
SX2019;G2;1;29.8;306;115;0.8;10.47;19.2;17.6;139.6;34.2
SX2019;G2;2;29.5;312;112;1.6;11.36;18.7;17;126.95;36.77
SX2019;G2;3;29.9;300;120;1.1;9.62;19.8;17.8;145.79;31.1
SX2019;G3;1;20.3;255;92;2.9;10.58;19.3;17.6;141.1;32.7
SX2019;G3;2;20;261;89;3.7;11.48;18.8;17;128.31;35.15
SX2019;G3;3;20.4;249;97;3.2;9.72;19.9;17.8;147.35;29.74
SX2019;G4;1;18.2;261;93;1;11.1;18.8;17.2;148;36.6
SX2019;G4;2;17.9;265;90;1.8;12.04;18.3;16.6;134.59;39.35
SX2019;G4;3;18.3;255;98;1.3;10.2;19.4;17.4;154.56;33.29
SX2019;G5;1;28.1;295;117;1;11.23;18.8;16.8;149.8;37.8
SX2019;G5;2;27.8;299;113;1.8;12.19;18.3;16.2;136.23;40.64
SX2019;G5;3;28.2;289;122;1.3;10.32;19.4;17;156.44;34.38
SX2019;G6;1;18.4;254;96;0.3;10.9;20.2;14;144.3;34.5
SX2019;G6;2;18.1;258;92;1.1;11.82;19.7;13.4;131.22;37.09
SX2019;G6;3;18.5;248;101;0.6;10.02;20.8;14.2;150.69;31.38
SX2019;G7;1;31.6;250;76;0;10.27;20;14.8;138;33.1
SX2019;G7;2;31.3;254;72;0.8;11.15;19.5;14.2;125.49;35.58
SX2019;G7;3;31.7;244;81;0.3;9.44;20.6;15;144.12;30.1
SX2019;G8;1;23.4;279;94;2.1;10.02;19.5;18.4;133.6;31.9
SX2019;G8;2;23.1;283;90;2.9;10.87;19;17.8;121.49;34.29
SX2019;G8;3;22.7;273;99;2.4;9.21;20.1;18.6;139.52;29.01
SX2019;G9;1;32.1;248;99;0.2;11.39;18.8;14.8;155.4;31.1
SX2019;G9;2;31.8;252;95;1;12.36;18.3;14.2;141.32;33.43
SX2019;G9;3;31.4;242;104;0.5;10.47;19.4;15;162.29;28.29
SX2019;G10;1;34.6;271;96;0.7;11.09;20.2;16;147.9;33.7
SX2019;G10;2;34.3;275;92;1.1;12.04;19.7;15.4;134.5;36.23
SX2019;G10;3;33.9;265;101;1;10.19;20.8;16.2;154.45;30.65
SX2019;G11;1;20.3;251;94;1.1;9.81;19.5;18.4;130.7;30.1
SX2019;G11;2;20;255;90;1.5;10.64;19;17.8;118.86;32.36
SX2019;G11;3;19.6;245;99;1.4;9.01;20.1;18.6;136.49;27.38
SX2019;G12;1;23.9;277;103;1.1;11.39;19;16.8;153;36.7
SX2019;G12;2;23.6;281;99;1.5;12.36;18.5;16.2;139.14;39.45
SX2019;G12;3;23.2;271;108;1.4;10.47;19.6;17;159.78;33.38
SX2019;G13;1;31.7;258;115;0.6;10.96;18.4;16;147.3;34.1
SX2019;G13;2;31.4;262;111;1;11.89;17.9;15.4;133.95;36.66
SX2019;G13;3;31;252;120;1.1;10.07;19;16.2;153.83;31.01
SX2019;G14;1;23.4;262;104;2.7;10.31;17.4;18.8;137.5;34.6
SX2019;G14;2;23.1;266;100;3.1;11.19;16.9;18.2;125.04;37.2
SX2019;G14;3;22.7;256;109;3.2;9.48;18;19;143.59;31.47
SX2019;G15;1;30.3;299;130;0.5;9.91;18.4;16.8;133.1;31.5
SX2019;G15;2;30;303;126;0.9;10.75;17.9;16.2;121.04;33.86
SX2019;G15;3;29.6;293;135;1;9.11;19;17;139;28.65
SX2019;G16;1;28.1;257;99;1.9;9.25;18;15.2;123.3;36.4
SX2019;G16;2;27.8;261;95;2.3;10.03;17.5;14.6;112.13;39.13
SX2019;G16;3;27.4;251;104;2.4;8.5;18.6;15.4;128.76;33.11
SX2019;G17;1;28;294;113;2;9.74;18.8;18.8;130.8;38.9
SX2019;G17;2;27.7;298;109;2.4;10.56;18.3;18.2;118.95;41.82
SX2019;G17;3;27.3;288;118;2.5;8.95;19.4;19;136.6;35.38
SX2019;G18;1;27.3;259;99;0.8;10.05;19.2;15.6;134;33.9
SX2019;G18;2;27;263;95;1.2;10.9;18.7;15;121.86;36.44
SX2019;G18;3;26.6;253;104;1.3;9.23;19.8;15.8;139.94;30.83
SX2019;G19;1;32.8;268;119;0.2;10.99;18.8;16.4;146.6;34.2
SX2019;G19;2;32.4;272;115;0.6;11.93;18.3;15.8;133.32;36.77
SX2019;G19;3;32;262;124;0.7;10.1;19.4;16.6;153.1;31.1
SX2019;G20;1;22.5;287;99;0.8;6.69;16.8;15.3;139.1;25.5
SX2019;G20;2;22.1;291;95;1.2;7.26;16.3;14.7;126.49;27.41
SX2019;G20;3;21.7;281;104;1.3;6.15;17.4;15.5;145.26;23.19
SX2019;G21;1;18.9;266;77;2.4;8.8;18;15.3;148.3;25.8
SX2019;G21;2;18.5;270;73;2.8;9.55;17.5;14.7;134.86;27.74
SX2019;G21;3;18.1;260;82;2.9;8.09;18.6;15.5;154.87;23.47
SX2019;G22;1;15.7;231;79;1.6;7.53;17;16;163.9;28.1
SX2019;G22;2;15.3;235;75;2;8.17;16.6;15.4;149.05;30.21
SX2019;G22;3;14.9;225;84;2.1;6.92;17.2;16.2;171.16;25.56
SX2019;G23;1;17.4;225;83;1.5;8.19;16;15.3;108.7;25.4
SX2019;G23;2;17;229;79;1.9;8.89;15.6;14.7;98.85;27.31
SX2019;G23;3;16.6;219;88;2;7.53;16.2;15.5;113.52;23.1
SX2019;G24;1;20;262;93;1.2;9.63;19;16;158.2;30.2
SX2019;G24;2;19.6;266;89;1.6;10.44;18.6;15.4;143.86;32.47
SX2019;G24;3;19.2;256;98;1.7;8.85;19.2;16.2;165.21;27.47
SX2019;G25;1;19.2;222;68;0.7;8.71;15;12.7;109.9;27.5
SX2019;G25;2;18.8;226;63;1.1;9.45;14.6;12.1;99.94;29.56
SX2019;G25;3;18.4;216;74;1.2;8.01;15.2;12.9;114.77;25.01
SX2019;G26;1;19.8;216;59;0.7;8.6;17.3;13.3;113.3;29.1
SX2019;G26;2;19.4;220;54;1.1;9.33;16.9;12.7;103.03;31.28
SX2019;G26;3;19.2;210;65;1.2;7.9;17.5;13.5;118.32;26.47
JS2019;G1;1;22.9;315;135;0.5;13.81;21;16.4;196.36;37.14
JS2019;G1;2;22.5;319;130;0.7;14.98;20.6;15.8;188.38;39.92
JS2019;G1;3;22.3;309;141;1;12.69;21.2;16.6;205.06;33.78
JS2019;G2;1;20.9;325;135;0.2;13.45;21;17;144.82;40.33
JS2019;G2;2;20.7;329;130;0.4;14.59;20.6;16.4;138.94;43.35
JS2019;G2;3;20.5;319;141;0.7;12.36;21.2;17.2;151.24;36.68
JS2019;G3;1;17.7;260;105;2.5;12.6;18;17;199.76;38.79
JS2019;G3;2;17.5;264;100;2.7;13.67;17.6;16.4;191.65;41.7
JS2019;G3;3;17.3;254;111;3;11.58;18.2;17.2;208.61;35.28
JS2019;G4;1;16.8;260;105;1;12.09;19;17;184.82;39.89
JS2019;G4;2;16.6;264;100;1.2;13.12;18.6;16.4;177.31;42.88
JS2019;G4;3;16.4;254;111;1.5;11.11;19.2;17.2;193.01;36.28
JS2019;G5;1;21.2;300;115;0.3;13.44;20;14.8;235.91;40.99
JS2019;G5;2;21;304;110;0.5;14.58;19.6;14.2;226.33;44.06
JS2019;G5;3;20.8;294;121;0.8;12.35;20.2;15;246.37;37.28
JS2019;G6;1;19.6;255;102;0.2;12.28;19.5;14.6;169.76;35.27
JS2019;G6;2;19.4;259;97;0.4;13.33;19.1;14;162.87;37.92
JS2019;G6;3;19.2;249;108;0.7;11.29;19.7;14.8;177.29;32.08
JS2019;G7;1;20.8;252;90;0;11.62;19;13.4;141.97;36.59
JS2019;G7;2;20.6;256;85;0.2;12.61;18.6;12.8;136.2;39.33
JS2019;G7;3;20.4;246;96;0.5;10.68;19.2;13.6;148.26;33.28
JS2019;G8;1;20.7;275;100;0.2;12.5;20.5;19.8;161.19;35.49
JS2019;G8;2;20.5;279;95;0.4;13.56;20.1;19.6;154.65;38.15
JS2019;G8;3;20.3;269;106;0.7;11.48;20.7;20.2;168.34;32.28
JS2019;G9;1;20.2;255;110;0.3;12.93;19.2;15.2;191.3;35.07
JS2019;G9;2;20;259;105;0.5;14.03;18.8;15;183.53;37.7
JS2019;G9;3;19.8;249;116;0.8;11.88;19.4;15.6;199.78;31.9
JS2019;G10;1;21;290;120;0;12.78;21;16.4;188.44;34.78
JS2019;G10;2;20.8;294;115;0.2;13.87;20.6;16.2;180.79;37.39
JS2019;G10;3;20.6;284;126;0.5;11.75;21.2;16.8;196.79;31.63
JS2019;G11;1;17.2;270;110;0.5;11.09;18;17.2;178.88;27.17
JS2019;G11;2;17;277;105;0.7;12.04;17.6;17;171.62;29.21
JS2019;G11;3;16.8;264;116;1;10.19;18.2;17.6;186.81;24.71
JS2019;G12;1;19.7;280;120;1.2;12.18;19.5;17.2;174.71;36.46
JS2019;G12;2;19.5;287;115;1.4;13.21;19.3;17;167.61;39.19
JS2019;G12;3;19.3;274;126;1.7;11.19;20;17.6;182.45;33.16
JS2019;G13;1;22.2;265;110;0;12.72;19;15.4;216.13;35.86
JS2019;G13;2;22;272;105;0.2;13.8;18.8;15.2;207.35;38.55
JS2019;G13;3;21.8;269;116;0.5;11.69;19.5;15.8;225.71;32.62
JS2019;G14;1;18.3;265;105;2.5;11.75;20;18.2;205.8;36.36
JS2019;G14;2;18.1;272;100;2.7;12.75;19.8;18;197.44;39.09
JS2019;G14;3;17.9;269;111;3;10.8;20.5;18.6;214.92;33.07
JS2019;G15;1;23.5;300;135;0;13.82;20.5;16;210.42;34.88
JS2019;G15;2;23.3;307;130;0.2;15;20.3;15.8;201.87;37.49
JS2019;G15;3;23.1;304;141;0.5;12.7;21;16.4;219.74;31.72
JS2019;G16;1;22;270;110;1;12.2;21;15.4;202.18;37.25
JS2019;G16;2;21.8;277;105;1.2;13.23;20.8;15.2;193.97;40.04
JS2019;G16;3;21.6;274;116;1.5;11.21;21.5;15.8;211.14;33.88
JS2019;G17;1;19.9;320;125;0.5;11.82;21;16.4;147.24;32.41
JS2019;G17;2;19.7;327;120;0.7;12.83;20.8;16.2;141.26;34.84
JS2019;G17;3;19.5;324;131;1;10.87;21.5;16.8;153.76;29.47
JS2019;G18;1;24.2;290;130;0;13.23;19.5;15.8;215.25;34.78
JS2019;G18;2;24;297;125;0.2;14.35;19.3;15.6;206.51;37.39
JS2019;G18;3;23.8;294;136;0.5;12.15;20;16.2;224.79;31.63
JS2019;G19;1;22.8;270;125;0;12.23;18.8;16;171.41;34.58
JS2019;G19;2;22.6;277;120;0.2;13.27;18.6;15.8;164.45;37.17
JS2019;G19;3;22.4;274;131;0.5;11.24;19.3;16.4;179.01;31.45
JS2019;G20;1;32.1;316;117;0.2;11.8;16.5;14.8;178;31.6
JS2019;G20;2;31.9;323;112;0.4;12.81;16.3;14.6;170.77;33.97
JS2019;G20;3;31.7;320;123;0.7;10.85;17;15.2;185.89;28.74
JS2019;G21;1;29;310;124;2.1;12.77;19;18.8;201;34.2
JS2019;G21;2;28.8;317;119;2.3;13.85;18.8;18.6;192.84;36.77
JS2019;G21;3;28.6;314;130;2.6;11.73;19.5;19.2;209.91;31.1
JS2019;G22;1;28.9;262;97;1.8;12.36;18.1;16.8;205;31.5
JS2019;G22;2;28.7;269;92;2;13.42;17.9;16.6;196.67;33.86
JS2019;G22;3;28.4;266;103;2.3;11.36;18.6;17.2;214.08;28.65
JS2019;G23;1;30.8;265;113;2.1;12.12;19.6;18.2;195;33
JS2019;G23;2;30.6;272;108;2.3;13.15;19.4;18;187.08;35.48
JS2019;G23;3;30.3;269;119;2.6;11.14;20.1;18.6;203.64;30.01
JS2019;G24;1;31.7;292;115;1.1;12.1;19.5;16.2;215;32.1
JS2019;G24;2;31.5;299;110;1.3;13.12;19.3;16;206.27;34.51
JS2019;G24;3;31.2;296;121;1.6;11.12;20;16.6;224.53;29.19
JS2019;G25;1;28;264;109;1.2;12.75;19.5;14.6;192;34.5
JS2019;G25;2;27.8;271;104;1.4;13.83;19.3;14.4;184.2;37.09
JS2019;G25;3;27.5;268;115;1.8;11.72;20;15;200.51;31.38
JS2019;G26;1;28.4;250;75;0;12.21;17.9;12.8;168;30.2
JS2019;G26;2;28.2;257;70;0.2;13.25;17.7;12.6;161.18;32.47
JS2019;G26;3;27.9;254;81;0.6;11.22;18.4;13.2;175.44;27.47
YC2019;G1;1;24.8;325;145;1.6;11.17;20.8;16.8;188.7;36.1
YC2019;G1;2;24.6;332;140;1.8;12.12;20.6;16.6;181.04;38.81
YC2019;G1;3;24.3;322;151;2.2;10.27;21.3;17.2;197.06;32.83
YC2019;G2;1;22.8;315;122;2.8;11.16;17.2;18.4;161.4;35.7
YC2019;G2;2;23.1;322;117;3;12.11;17;18.2;154.84;38.38
YC2019;G2;3;22.8;312;128;3.4;10.26;17.7;18.8;168.55;32.47
YC2019;G3;1;21.7;295;122;1;11.83;18.2;18;167;32.7
YC2019;G3;2;22;302;117;1.2;12.83;18;17.8;160.22;35.15
YC2019;G3;3;21.7;292;128;1.6;10.87;18.7;18.4;174.4;29.74
YC2019;G4;1;22.6;293;115;1.4;12.22;18.6;18;181.2;36.7
YC2019;G4;2;22.9;300;110;1.6;13.26;18.4;17.8;173.84;39.45
YC2019;G4;3;22.6;290;121;2;11.23;19.1;18.4;189.23;33.38
YC2019;G5;1;23.2;310;132;1.8;12.12;19.2;17.6;194.1;36.8
YC2019;G5;2;23.5;317;127;2;13.15;19;17.4;186.22;39.56
YC2019;G5;3;23.2;307;138;2.4;11.14;19.7;18;202.7;33.47
YC2019;G6;1;22;266;100;0.2;12;18.8;16.4;168.6;32.2
YC2019;G6;2;22.3;273;93;0.4;13.02;18.6;16.2;161.75;34.62
YC2019;G6;3;22;263;105;0.8;11.03;19.3;16.8;176.07;29.29
YC2019;G7;1;26;262;95;0;11.86;16.2;14.4;162.4;30.9
YC2019;G7;2;26.3;269;88;0.2;12.87;16;14.2;155.8;33.22
YC2019;G7;3;26;259;100;0.6;10.9;16.7;14.8;169.6;28.1
YC2019;G8;1;25.3;300;117;0.6;7.61;15.6;20;151.6;35.7
YC2019;G8;2;25.6;307;110;0.8;8.26;15.4;19.8;145.44;38.38
YC2019;G8;3;25.3;297;122;1.2;6.99;16.1;20.4;158.32;32.47
YC2019;G9;1;25.8;266;115;2;12.27;17.8;14.8;178.2;34.2
YC2019;G9;2;26.1;273;108;2.2;13.31;17.6;14.6;172.74;36.77
YC2019;G9;3;25.8;263;120;2.6;11.28;18.3;15.2;186.1;31.1
YC2019;G10;1;25.4;293;114;1.2;12.7;19;15.6;188.8;35.6
YC2019;G10;2;25.7;297;107;1.4;13.78;18.8;15.4;183.02;38.98
YC2019;G10;3;25.4;290;119;1.8;11.67;19.5;16;197.17;33.45
YC2019;G11;1;24.8;285;118;1;11.89;18.6;19.2;170.4;26.2
YC2019;G11;2;25.1;289;111;1.2;12.9;18;19;165.18;28.69
YC2019;G11;3;24.8;282;123;1.6;10.93;19.3;19.6;177.95;24.61
YC2019;G12;1;26;292;118;1.6;11.65;16.2;17.6;167.8;40.4
YC2019;G12;2;26.3;296;111;1.8;12.64;15.6;17.4;162.66;44.24
YC2019;G12;3;26;289;123;2.2;10.7;16.9;18;175.24;37.96
YC2019;G13;1;25.9;287;143;0.6;12.25;16;16;165.4;32.7
YC2019;G13;2;26.2;291;136;0.8;13.29;15.4;15.8;160.34;35.81
YC2019;G13;3;25.9;284;148;1.2;11.26;16.7;16.4;172.73;30.72
YC2019;G14;1;25.4;290;127;3;11.35;17.8;18.8;179;33.6
YC2019;G14;2;25.7;294;120;3.2;12.31;17.2;18.6;173.52;36.79
YC2019;G14;3;25.4;287;132;3.6;10.43;18.5;19.2;186.93;31.57
YC2019;G15;1;27.1;330;173;1.2;12.98;18.8;15.2;195.3;34.6
YC2019;G15;2;27.4;334;166;1.4;14.08;18.2;15;189.32;37.89
YC2019;G15;3;27;327;178;1.8;11.93;19.5;15.6;203.95;32.51
YC2019;G16;1;27.1;280;113;1.4;10.91;19.4;13.6;168;34.7
YC2019;G16;2;27.4;284;106;1.6;11.84;18.8;13.4;162.86;38
YC2019;G16;3;27;277;118;2;10.03;20.1;14;175.44;32.6
YC2019;G17;1;20;328;142;0.2;10.03;19;16.4;157.3;37.6
YC2019;G17;2;20.3;332;135;0.4;10.89;18.4;16.2;152.48;41.17
YC2019;G17;3;19.9;325;147;0.8;9.22;19.7;16.6;164.27;35.33
YC2019;G18;1;28.1;295;136;1.2;11.64;17.8;15.6;193.1;35.1
YC2019;G18;2;28.4;299;129;1.4;12.63;17.2;15.4;187.19;38.43
YC2019;G18;3;28;292;141;1.8;10.69;18.5;15.8;201.66;32.98
YC2019;G19;1;26.4;278;140;0.4;11.22;14.8;15.2;161.6;36.1
YC2019;G19;2;26.7;282;133;0.6;12.18;14.2;15;156.65;39.53
YC2019;G19;3;26.3;275;145;1;10.31;15.5;15.4;168.76;33.92
YC2019;G20;1;25.3;345;130;1.1;12.91;18.6;16.2;193.9;41
YC2019;G20;2;25.6;349;123;1.3;14;18;16;187.96;44.9
YC2019;G20;3;25.2;342;135;1.7;11.86;19.3;16.4;202.49;38.52
YC2019;G21;1;22.6;362;136;1.4;13.88;18.9;17.2;208.9;37.3
YC2019;G21;2;22.9;366;129;1.9;15.06;18.3;17;202.5;40.84
YC2019;G21;3;22.5;359;141;2;12.75;19.6;17.4;218.16;35.04
YC2019;G22;1;25.6;287;111;0.1;13.95;19;16.6;212.5;36.3
YC2019;G22;2;25.9;291;104;0.6;15.14;18.4;16.4;205.99;39.75
YC2019;G22;3;25.5;284;116;0.7;12.82;19.7;16.8;221.92;34.1
YC2019;G23;1;22.7;310;118;1.6;12.54;18.9;18.6;183.3;36.8
YC2019;G23;2;23;314;111;2.1;13.61;18.3;18.4;177.69;40.3
YC2019;G23;3;22.6;307;123;2.2;11.53;19.6;18.8;191.42;34.57
YC2019;G24;1;26;327;142;0.8;13.6;19.9;14.4;204.4;39.7
YC2019;G24;2;26.3;331;135;1.3;14.76;19.3;14.2;198.14;43.47
YC2019;G24;3;25.9;324;147;1.4;12.5;20.6;14.6;213.46;37.3
YC2019;G25;1;23.6;299;118;1;13.86;19.3;15.4;197.2;33.4
YC2019;G25;2;24;303;111;1.5;15.04;18.7;15.2;191.16;36.57
YC2019;G25;3;23.6;296;123;1.6;12.74;20;15.6;205.94;31.38
YC2019;G26;1;25.9;294;105;0.2;12.13;16.7;13.8;167.1;33.7
YC2019;G26;2;26.3;298;98;0.7;13.16;16.1;13.6;161.98;36.9
YC2019;G26;3;25.9;291;110;0.8;11.15;17.4;14;174.5;31.66
LZ2019;G1;1;37.8;290;119;1.3;9.4;16.4;16.8;139.3;36.3
LZ2019;G1;2;38.2;294;112;1.8;10.2;15.8;16.2;135.03;39.75
LZ2019;G1;3;37.8;286;124;1.9;8.64;17.1;17.4;145.47;34.1
LZ2019;G2;1;29.4;297;122;2.2;10.25;14.6;18;148.2;35.7
LZ2019;G2;2;29.8;301;115;2.7;11.12;14;17.4;143.66;39.09
LZ2019;G2;3;29.4;293;127;2.8;9.42;15.3;18.6;154.77;33.54
LZ2019;G3;1;30.8;240;103;1.6;10.44;13.6;15.2;154.6;35
LZ2019;G3;2;31.2;244;96;2.1;11.32;13;14.6;149.87;38.33
LZ2019;G3;3;30.8;236;108;2.2;9.59;14.3;15.8;161.45;32.88
LZ2019;G4;1;29.7;257;111;1.1;10.66;16.2;17.6;157.9;36.7
LZ2019;G4;2;30.1;261;104;1.6;11.56;15.6;17;153.07;40.19
LZ2019;G4;3;29.7;253;116;1.7;9.79;16.9;18.2;164.9;34.48
LZ2019;G5;1;33.7;290;127;0;10.38;18;16;153.8;36
LZ2019;G5;2;34.1;294;120;0.5;11.26;17.4;15.4;149.09;39.42
LZ2019;G5;3;33.7;286;132;0.6;9.54;18.7;16.6;160.62;33.82
LZ2019;G6;1;29.9;260;105;2.3;10.52;16.4;14.4;151;35.4
LZ2019;G6;2;30.3;264;98;2.8;11.42;15.8;13.8;146.38;38.76
LZ2019;G6;3;29.9;256;110;2.9;9.67;17.1;15;157.69;33.26
LZ2019;G7;1;30.3;233;108;1.7;8.85;16;13.6;131.1;33.2
LZ2019;G7;2;30.7;237;101;2.2;9.6;15.4;13;127.09;36.35
LZ2019;G7;3;30.3;229;113;2.3;8.13;16.5;14.2;136.91;31.19
LZ2019;G8;1;31.2;257;106;1.5;10.16;17.6;14;144.7;37.9
LZ2019;G8;2;31.6;261;99;2;11.02;17;13.4;140.27;41.5
LZ2019;G8;3;31.2;253;111;2.1;9.34;18.1;14.6;151.11;35.61
LZ2019;G9;1;35;243;109;1.1;10.29;16.2;14.8;152.4;36.6
LZ2019;G9;2;35.4;247;102;1.6;11.16;15.6;14.2;147.73;40.08
LZ2019;G9;3;35;239;114;1.7;9.46;16.7;15.4;159.15;34.39
LZ2019;G10;1;34.9;247;107;1.8;11.21;18.2;14.4;166.1;36.7
LZ2019;G10;2;35.3;251;100;2.3;12.16;17.6;13.8;161.01;40.19
LZ2019;G10;3;34.9;243;112;2.4;10.3;18.7;15;173.46;34.48
LZ2019;G11;1;33.2;215;101;1.5;10.21;14.8;18.4;129.4;34
LZ2019;G11;2;33.6;219;94;2;11.07;14.2;17.8;125.44;37.23
LZ2019;G11;3;33.2;211;106;2.1;9.38;15.3;19;135.13;31.94
LZ2019;G12;1;29.4;263;112;1.7;10.26;15.2;17.2;152.1;38.1
LZ2019;G12;2;29.8;267;105;2.2;11.14;14.6;16.6;147.44;41.72
LZ2019;G12;3;29.4;259;117;2.3;9.43;15.7;17.8;158.84;35.79
LZ2019;G13;1;34.5;267;127;1.2;10.52;16.6;12;155.9;36.8
LZ2019;G13;2;34.9;271;120;1.7;11.42;16.3;11.4;151.13;40.3
LZ2019;G13;3;34.5;263;132;1.8;9.67;17.1;12.6;162.81;34.57
LZ2019;G14;1;34.5;270;124;2.9;9.36;14;18.4;138.6;33.2
LZ2019;G14;2;34.9;274;117;3.4;10.15;13.7;17.8;134.36;36.35
LZ2019;G14;3;34.5;266;129;3.5;8.6;14.5;19;144.74;31.19
LZ2019;G15;1;31.8;300;145;0.9;10.38;16.6;16;153.8;36.5
LZ2019;G15;2;32;304;138;1.4;11.26;16.3;15.4;149.09;39.97
LZ2019;G15;3;31.6;296;150;1.5;9.54;17.1;16.6;160.62;34.29
LZ2019;G16;1;31.9;250;107;2.9;11.07;16;13.6;164;37.1
LZ2019;G16;2;32.1;254;100;3.4;12.01;15.7;13;158.98;40.62
LZ2019;G16;3;31.7;246;112;3.5;10.18;16.5;14.2;171.27;34.86
LZ2019;G17;1;29.4;300;130;2.2;10.45;18.2;16.8;154.8;37.5
LZ2019;G17;2;29.6;304;123;2.7;11.34;17.9;16.2;150.06;41.06
LZ2019;G17;3;29.2;296;135;2.8;9.6;18.7;17.4;161.66;35.23
LZ2019;G18;1;40.4;260;114;0;10.19;18.6;15.6;150.9;37.4
LZ2019;G18;2;40.6;264;107;0.5;11.06;18.3;15;146.28;40.95
LZ2019;G18;3;40.2;256;119;0.6;9.36;19.1;16.2;157.59;35.14
LZ2019;G19;1;33.9;260;115;5.4;10.21;18.4;16;155.4;35.2
LZ2019;G19;2;34.1;264;108;5.9;11.08;18.1;15.4;150.64;38.54
LZ2019;G19;3;33.7;256;120;6;9.38;18.9;16.6;162.29;33.07
LZ2019;G20;1;32.9;310;130;0.3;7.31;18.6;17.2;147.4;35.6
LZ2019;G20;2;33.1;314;123;0.8;7.93;18.3;16.6;142.89;38.98
LZ2019;G20;3;32.7;306;135;0.9;6.71;19.1;17.8;153.93;33.45
LZ2019;G21;1;27.8;310;100;0;10.82;16.6;16.8;168.1;37.9
LZ2019;G21;2;28;314;93;0.5;11.74;16.3;16.2;162.95;41.5
LZ2019;G21;3;27.6;306;105;0.6;9.94;17.1;17.4;175.55;35.61
LZ2019;G22;1;28.2;260;100;0.3;11.8;18;18;164.8;33.9
LZ2019;G22;2;28.4;264;93;0.8;12.8;17.7;17.4;159.75;37.12
LZ2019;G22;3;28;256;105;0.9;10.84;18.5;18.6;172.1;31.85
LZ2019;G23;1;30.5;260;110;0.2;10.17;16.7;16;163.3;36.2
LZ2019;G23;2;30.7;264;103;0.7;11.03;16.4;15.4;158.3;39.64
LZ2019;G23;3;30.3;256;115;0.6;9.35;17.2;16.6;147.69;34.01
LZ2019;G24;1;30.7;270;110;0.1;8.55;18.6;15.6;143.6;35.4
LZ2019;G24;2;30.9;274;103;0.6;9.27;18.3;15;139.2;38.76
LZ2019;G24;3;30.5;266;115;0.5;7.86;19.1;16.2;129.88;33.26
LZ2019;G25;1;30;240;100;0.1;11.86;18.8;15.6;164.8;33.7
LZ2019;G25;2;30.2;246;93;0.6;12.86;18.5;15;159.75;36.9
LZ2019;G25;3;29.8;244;105;0.5;10.9;19.3;16.2;149.05;31.66
LZ2019;G26;1;30.2;230;70;0;11.03;17.9;14;159.8;34.6
LZ2019;G26;2;30.4;236;63;0.5;11.97;17.6;13.4;154.91;37.89
LZ2019;G26;3;30;234;75;0.4;10.14;18.4;14.6;144.53;32.51
JN2019;G1;1;33.7;326;143;1.1;13.54;16.5;17.3;197.4;40
JN2019;G1;2;34;332;139;1.4;14.69;16.2;17.1;191.36;43.8
JN2019;G1;3;33.5;330;146;1.5;12.45;17;17.7;178.53;37.58
JN2019;G2;1;29.6;329;134;0.2;11.82;16.8;16;168.9;40.9
JN2019;G2;2;29.9;335;130;0.5;12.83;16.5;15.8;163.73;44.79
JN2019;G2;3;29.4;333;137;0.6;10.87;17.3;16.4;152.76;38.43
JN2019;G3;1;28.7;273;97;0.2;13.85;19.8;13.3;193.9;42.7
JN2019;G3;2;29;279;93;0.5;15.03;19.5;13.1;187.96;46.76
JN2019;G3;3;28.5;277;100;0.6;12.73;20.3;13.7;175.37;40.12
JN2019;G4;1;28.9;277;119;0.3;13.26;18.5;16;189.4;39
JN2019;G4;2;29.2;283;115;0.6;14.39;18.2;15.8;183.6;42.71
JN2019;G4;3;28.7;281;122;0.7;12.19;19;16.4;171.3;36.64
JN2019;G5;1;31.9;311;127;0.9;14.09;18.5;18.7;205.2;34.1
JN2019;G5;2;32.2;317;123;1.2;15.28;18.2;18.5;198.92;37.34
JN2019;G5;3;31.7;315;130;1.3;12.95;19;19.1;185.59;32.04
JN2019;G6;1;26.4;276;120;2.8;13.03;16.9;18.7;166.3;38.8
JN2019;G6;2;26.7;282;116;3.1;14.14;16.6;18.5;161.21;42.49
JN2019;G6;3;26.2;280;123;3.2;11.98;17.4;19.1;150.41;36.45
JN2019;G7;1;28.4;277;99;1.4;11.87;18;16.7;165.6;44.3
JN2019;G7;2;28.7;283;95;1.7;12.88;17.7;16.5;160.53;48.51
JN2019;G7;3;28.2;281;102;1.8;10.91;18.5;17.1;149.77;41.62
JN2019;G8;1;29.3;298;117;0.6;12.79;18.2;16.7;182.7;34.1
JN2019;G8;2;29.6;304;113;0.9;13.87;17.9;16.5;177.11;37.34
JN2019;G8;3;29.1;302;120;1;11.75;18.7;17.1;165.24;32.04
JN2019;G9;1;29.6;259;114;0.6;12.67;18.2;16.7;181;34.1
JN2019;G9;2;29.9;265;110;0.9;13.75;17.9;16.5;175.46;37.34
JN2019;G9;3;29.4;263;117;1;11.65;18.7;17.1;163.7;32.04
JN2019;G10;1;28.7;286;105;1.2;12.75;18.7;14.7;180.5;43.1
JN2019;G10;2;29;292;101;1.5;13.83;18.4;14.5;174.97;47.19
JN2019;G10;3;28.5;290;108;1.6;11.72;19.2;15.1;163.25;40.49
JN2019;G11;1;28.8;285;114;0.3;13.21;16.5;16.7;176.8;40
JN2019;G11;2;29.1;291;110;1.2;14.33;16.2;16.5;171.39;43.8
JN2019;G11;3;28.6;289;117;0.7;12.14;17;17.1;159.9;37.58
JN2019;G12;1;27.7;295;110;0.1;12.03;18.3;14.7;171.9;43.4
JN2019;G12;2;28;301;106;1;13.06;18;14.5;166.64;47.52
JN2019;G12;3;27.5;299;113;0.5;11.06;18.7;15.1;155.47;40.77
JN2019;G13;1;31.4;271;116;0.3;14.83;20.8;15.3;215.9;47.1
JN2019;G13;2;31.7;277;112;1.2;16.09;20.2;15.1;209.29;51.57
JN2019;G13;3;31.2;275;119;0.7;13.63;21.2;15.7;195.27;44.25
JN2019;G14;1;29.9;285;121;0.3;11.33;20.8;15.3;161.9;47.1
JN2019;G14;2;30.2;291;117;1.2;12.29;20.2;15.1;156.94;51.57
JN2019;G14;3;29.7;289;124;0.7;10.41;21.2;15.7;146.43;44.25
JN2019;G15;1;30.7;309;139;0.2;13.8;21.8;16.7;197.1;42.4
JN2019;G15;2;31;315;135;1.1;14.97;21.2;16.5;191.06;46.43
JN2019;G15;3;30.5;313;142;0.6;12.68;22.2;17.1;178.26;39.83
JN2019;G16;1;30.3;268;100;0.6;12.17;18.1;18.7;173.9;38.5
JN2019;G16;2;30.1;274;96;1.5;13.2;17.5;18.5;168.58;42.16
JN2019;G16;3;29.6;272;103;1;11.18;18.5;19.1;157.28;36.17
JN2019;G17;1;29.4;347;138;0.3;13.16;18.7;14.7;188;31.7
JN2019;G17;2;29.2;353;134;1.2;14.27;18.1;14.5;182.24;34.71
JN2019;G17;3;28.7;351;141;0.7;12.09;19.1;15.1;170.03;29.78
JN2019;G18;1;36.2;272;123;1.2;14.28;18.4;18;203.9;45
JN2019;G18;2;36;278;119;2.1;15.49;17.8;17.8;197.66;49.28
JN2019;G18;3;35.5;276;126;1.6;13.12;18.8;18.4;184.41;42.28
JN2019;G19;1;31.3;256;112;0.6;12.78;18.1;18.7;182.6;38.5
JN2019;G19;2;31.1;262;108;1.5;13.87;17.5;18.5;177.01;42.16
JN2019;G19;3;30.6;260;115;1;11.75;18.5;19.1;165.15;36.17
JN2019;G20;1;27.1;315;96;0;10.78;14.8;14.7;143;35.5
JN2019;G20;2;26.9;321;92;0.9;11.7;14.2;14.5;138.62;38.87
JN2019;G20;3;26.4;319;99;0.4;9.91;15.2;15.1;133.62;33.35
JN2019;G21;1;25;320;106;1.5;10.14;20.8;15.3;154;35.5
JN2019;G21;2;24.8;326;102;2.4;11.01;20.2;15.1;149.28;38.87
JN2019;G21;3;24.3;324;109;1.9;9.32;21.2;15.7;143.9;33.35
JN2019;G22;1;25.7;252;70;0.5;10.66;18.3;17.3;148.4;37
JN2019;G22;2;25.5;248;66;1.4;11.57;17.7;17.1;143.86;40.52
JN2019;G22;3;25;256;73;0.9;9.8;18.7;17.7;138.67;34.76
JN2019;G23;1;25.3;251;92;0;10.01;17.4;14;148.9;34
JN2019;G23;2;25.1;247;88;0;10.86;16.8;13.8;144.34;37.23
JN2019;G23;3;24.6;255;95;0.4;9.2;17.8;14.4;139.14;31.94
JN2019;G24;1;26.6;310;102;0;11.68;18;16;149.4;33.5
JN2019;G24;2;26.4;306;98;0.9;12.67;17.4;15.8;144.83;36.68
JN2019;G24;3;25.9;314;105;0.4;10.73;18.4;16.4;139.6;31.47
JN2019;G25;1;23.5;265;88;0;10.14;14.8;14.7;143;35.5
JN2019;G25;2;23.3;261;84;0;11.01;14.2;14.5;138.62;38.87
JN2019;G25;3;22.8;269;91;0.4;9.32;15.2;15.1;133.62;33.35
JN2019;G26;1;23.3;248;85;0;9.46;17.2;16;162.1;33.5
JN2019;G26;2;23.1;244;81;0.9;10.26;16.6;15.8;157.14;36.68
JN2019;G26;3;22.6;252;88;0.4;8.69;17.6;16.4;151.47;31.47
DZ2019;G1;1;33.7;326;143;1.1;13.54;16.5;17.3;197.4;40
DZ2019;G1;2;34;332;139;1.4;14.69;16.2;17.1;191.36;43.8
DZ2019;G1;3;33.5;330;146;1.5;12.45;17;17.7;178.53;37.58
DZ2019;G2;1;29.6;329;134;0.2;11.82;16.8;16;168.9;40.9
DZ2019;G2;2;29.9;335;130;0.5;12.83;16.5;15.8;163.73;44.79
DZ2019;G2;3;29.4;333;137;0.6;10.87;17.3;16.4;152.76;38.43
DZ2019;G3;1;28.7;273;97;0.2;13.85;19.8;13.3;193.9;42.7
DZ2019;G3;2;29;279;93;0.5;15.03;19.5;13.1;187.96;46.76
DZ2019;G3;3;28.5;277;100;0.6;12.73;20.3;13.7;175.37;40.12
DZ2019;G4;1;28.9;277;119;0.3;13.26;18.5;16;189.4;39
DZ2019;G4;2;29.2;283;115;0.6;14.39;18.2;15.8;183.6;42.71
DZ2019;G4;3;28.7;281;122;0.7;12.19;19;16.4;171.3;36.64
DZ2019;G5;1;31.9;311;127;0.9;14.09;18.5;18.7;205.2;34.1
DZ2019;G5;2;32.2;317;123;1.2;15.28;18.2;18.5;198.92;37.34
DZ2019;G5;3;31.7;315;130;1.3;12.95;19;19.1;185.59;32.04
DZ2019;G6;1;26.4;276;120;2.8;13.03;16.9;18.7;166.3;38.8
DZ2019;G6;2;26.7;282;116;3.1;14.14;16.6;18.5;161.21;42.49
DZ2019;G6;3;26.2;280;123;3.2;11.98;17.4;19.1;150.41;36.45
DZ2019;G7;1;28.4;277;99;1.4;11.87;18;16.7;165.6;44.3
DZ2019;G7;2;28.7;283;95;1.7;12.88;17.7;16.5;160.53;48.51
DZ2019;G7;3;28.2;281;102;1.8;10.91;18.5;17.1;149.77;41.62
DZ2019;G8;1;29.3;298;117;0.6;12.79;18.2;16.7;182.7;34.1
DZ2019;G8;2;29.6;304;113;0.9;13.87;17.9;16.5;177.11;37.34
DZ2019;G8;3;29.1;302;120;1;11.75;18.7;17.1;165.24;32.04
DZ2019;G9;1;29.6;259;114;0.6;12.67;18.2;16.7;181;34.1
DZ2019;G9;2;29.9;265;110;0.9;13.75;17.9;16.5;175.46;37.34
DZ2019;G9;3;29.4;263;117;1;11.65;18.7;17.1;163.7;32.04
DZ2019;G10;1;28.7;286;105;1.2;12.75;18.7;14.7;180.5;43.1
DZ2019;G10;2;29;292;101;1.5;13.83;18.4;14.5;174.97;47.19
DZ2019;G10;3;28.5;290;108;1.6;11.72;19.2;15.1;163.25;40.49
DZ2019;G11;1;28.8;285;114;0.3;13.21;16.5;16.7;176.8;40
DZ2019;G11;2;29.1;291;110;1.2;14.33;16.2;16.5;171.39;43.8
DZ2019;G11;3;28.6;289;117;0.7;12.14;17;17.1;159.9;37.58
DZ2019;G12;1;27.7;295;110;0.1;12.03;18.3;14.7;171.9;43.4
DZ2019;G12;2;28;301;106;1;13.06;18;14.5;166.64;47.52
DZ2019;G12;3;27.5;299;113;0.5;11.06;18.7;15.1;155.47;40.77
DZ2019;G13;1;31.4;271;116;0.3;14.83;20.8;15.3;215.9;47.1
DZ2019;G13;2;31.7;277;112;1.2;16.09;20.2;15.1;209.29;51.57
DZ2019;G13;3;31.2;275;119;0.7;13.63;21.2;15.7;195.27;44.25
DZ2019;G14;1;29.9;285;121;0.3;11.33;20.8;15.3;161.9;47.1
DZ2019;G14;2;30.2;291;117;1.2;12.29;20.2;15.1;156.94;51.57
DZ2019;G14;3;29.7;289;124;0.7;10.41;21.2;15.7;146.43;44.25
DZ2019;G15;1;30.7;309;139;0.2;13.8;21.8;16.7;197.1;42.4
DZ2019;G15;2;31;315;135;1.1;14.97;21.2;16.5;191.06;46.43
DZ2019;G15;3;30.5;313;142;0.6;12.68;22.2;17.1;178.26;39.83
DZ2019;G16;1;30.3;268;100;0.6;12.17;18.1;18.7;173.9;38.5
DZ2019;G16;2;30.1;274;96;1.5;13.2;17.5;18.5;168.58;42.16
DZ2019;G16;3;29.6;272;103;1;11.18;18.5;19.1;157.28;36.17
DZ2019;G17;1;29.4;347;138;0.3;13.16;18.7;14.7;188;31.7
DZ2019;G17;2;29.2;353;134;1.2;14.27;18.1;14.5;182.24;34.71
DZ2019;G17;3;28.7;351;141;0.7;12.09;19.1;15.1;170.03;29.78
DZ2019;G18;1;36.2;272;123;1.2;14.28;18.4;18;203.9;45
DZ2019;G18;2;36;278;119;2.1;15.49;17.8;17.8;197.66;49.28
DZ2019;G18;3;35.5;276;126;1.6;13.12;18.8;18.4;184.41;42.28
DZ2019;G19;1;31.3;256;112;0.6;12.78;18.1;18.7;182.6;38.5
DZ2019;G19;2;31.1;262;108;1.5;13.87;17.5;18.5;177.01;42.16
DZ2019;G19;3;30.6;260;115;1;11.75;18.5;19.1;165.15;36.17
DZ2019;G20;1;27.1;315;96;0;10.78;14.8;14.7;143;35.5
DZ2019;G20;2;26.9;321;92;0.9;11.7;14.2;14.5;138.62;38.87
DZ2019;G20;3;26.4;319;99;0.4;9.91;15.2;15.1;133.62;33.35
DZ2019;G21;1;25;320;106;1.5;10.14;20.8;15.3;154;35.5
DZ2019;G21;2;24.8;326;102;2.4;11.01;20.2;15.1;149.28;38.87
DZ2019;G21;3;24.3;324;109;1.9;9.32;21.2;15.7;143.9;33.35
DZ2019;G22;1;25.7;252;70;0.5;10.66;18.3;17.3;148.4;37
DZ2019;G22;2;25.5;248;66;1.4;11.57;17.7;17.1;143.86;40.52
DZ2019;G22;3;25;256;73;0.9;9.8;18.7;17.7;138.67;34.76
DZ2019;G23;1;25.3;251;92;0;10.01;17.4;14;148.9;34
DZ2019;G23;2;25.1;247;88;0;10.86;16.8;13.8;144.34;37.23
DZ2019;G23;3;24.6;255;95;0.4;9.2;17.8;14.4;139.14;31.94
DZ2019;G24;1;26.6;310;102;0;11.68;18;16;149.4;33.5
DZ2019;G24;2;26.4;306;98;0.9;12.67;17.4;15.8;144.83;36.68
DZ2019;G24;3;25.9;314;105;0.4;10.73;18.4;16.4;139.6;31.47
DZ2019;G25;1;23.5;265;88;0;10.14;14.8;14.7;143;35.5
DZ2019;G25;2;23.3;261;84;0;11.01;14.2;14.5;138.62;38.87
DZ2019;G25;3;22.8;269;91;0.4;9.32;15.2;15.1;133.62;33.35
DZ2019;G26;1;23.3;248;85;0;9.46;17.2;16;162.1;33.5
DZ2019;G26;2;23.1;244;81;0.9;10.26;16.6;15.8;157.14;36.68
DZ2019;G26;3;22.6;252;88;0.4;8.69;17.6;16.4;151.47;31.47
NY2019;G1;1;28.1;326;141;1.7;8.15;17.5;15.8;152.9;30
NY2019;G1;2;27.9;322;137;2.4;8.85;16.8;15.6;164.66;26.85
NY2019;G1;3;27.4;330;144;1.9;7.49;17.9;16.2;142.87;32.67
NY2019;G2;1;21.3;312;127;2;8.01;16.8;17.4;134.7;29.5
NY2019;G2;2;21.1;308;123;2.7;8.7;16.1;17.2;145.06;26.4
NY2019;G2;3;20.6;316;130;2.2;7.37;17.2;17.8;125.87;32.13
NY2019;G3;1;23.4;272;114;1.9;7.64;15.8;16.6;112.3;23.1
NY2019;G3;2;23.2;268;110;2.6;8.29;15.1;16.4;120.94;20.67
NY2019;G3;3;22.7;276;117;2.1;7.02;16.2;17;104.94;25.16
NY2019;G4;1;25.8;271;112;0.8;8.26;17.9;17.4;153.7;30.8
NY2019;G4;2;25.4;267;105;1.5;8.97;17.2;17.2;165.53;27.57
NY2019;G4;3;24.9;275;118;1;7.59;18.3;17.8;143.62;33.54
NY2019;G5;1;27.8;274;121;2.8;8.18;16.8;15.2;135.7;28.6
NY2019;G5;2;27.4;270;114;3.5;8.88;16.1;15.4;142.07;25.6
NY2019;G5;3;27.1;278;127;3;7.52;17.2;15.6;126.8;31.15
NY2019;G6;1;24.3;293;133;1.9;8.33;17.5;14.8;121.6;27.3
NY2019;G6;2;23.9;289;126;2.6;9.04;16.8;14.4;127.31;24.43
NY2019;G6;3;23.6;297;139;2.1;7.66;17.9;15.4;113.63;29.73
NY2019;G7;1;24;276;102;0.1;7.8;18.3;14;141.2;25.9
NY2019;G7;2;23.6;272;95;0.8;8.46;17.6;13.6;147.83;23.18
NY2019;G7;3;23.3;280;108;0.3;7.17;18.7;14.6;131.94;28.21
NY2019;G8;1;28;287;122;1.7;8.41;18.2;18.2;158.6;26.4
NY2019;G8;2;27.6;283;115;2.4;9.12;17.5;17.8;166.04;23.63
NY2019;G8;3;27.3;291;128;1.9;7.73;18.6;18.8;148.2;28.75
NY2019;G9;1;26.7;250;107;0.8;7.87;16.2;14.8;149.8;29.7
NY2019;G9;2;26.3;246;100;1.5;8.54;15.5;14.4;156.83;26.58
NY2019;G9;3;26;254;113;1;7.23;16.6;15.4;139.98;32.34
NY2019;G10;1;27;271;110;2.4;7.47;18.5;15;140.1;28.8
NY2019;G10;2;26.6;267;103;3.1;8.1;17.8;14.6;146.68;25.78
NY2019;G10;3;26.3;275;116;2.6;6.86;18.9;15.6;130.91;31.36
NY2019;G11;1;26.8;265;116;2.1;7.93;16.3;17.6;136.4;29.2
NY2019;G11;2;26.4;261;109;2.8;8.61;15.6;17.2;142.8;26.13
NY2019;G11;3;26.1;269;122;2.3;7.29;16.7;18.2;127.46;31.8
NY2019;G12;1;23;302;125;2.4;8.22;16.3;17.8;123.1;28.8
NY2019;G12;2;22.6;298;118;3.1;8.92;15.6;17.4;128.88;25.78
NY2019;G12;3;22.3;306;131;2.6;7.55;16.7;18.4;115.03;31.36
NY2019;G13;1;26.6;281;125;0.4;8.19;16.5;15.2;143.2;30.7
NY2019;G13;2;26.2;277;118;1.1;8.89;15.8;14.8;149.92;27.48
NY2019;G13;3;25.9;285;131;0.6;7.53;16.9;15.8;133.81;33.43
NY2019;G14;1;26;269;124;3.9;7.33;16.4;19.2;122.7;28.1
NY2019;G14;2;25.6;265;117;4.6;7.95;15.7;18.8;128.46;25.15
NY2019;G14;3;25.3;273;130;4.1;6.74;16.8;19.8;114.65;30.6
NY2019;G15;1;26;300;135;1.1;8.09;19.6;14.8;156.8;26.9
NY2019;G15;2;25.6;296;128;1.8;8.78;18.9;14.4;164.16;24.08
NY2019;G15;3;25.3;304;141;1.3;7.44;20;15.4;146.52;29.29
NY2019;G16;1;26.3;274;119;2.3;7.44;17.8;15.6;121.3;25.1
NY2019;G16;2;25.9;270;112;3;8.07;17.1;15.2;126.99;22.46
NY2019;G16;3;25.6;278;125;2.5;6.84;18.2;16.2;113.35;27.33
NY2019;G17;1;24.3;339;146;2.1;8.13;18.4;16;138;31.3
NY2019;G17;2;23.9;335;139;2.8;8.83;17.7;15.6;144.48;28.01
NY2019;G17;3;23.6;343;152;2.3;7.47;18.8;16.6;128.95;34.09
NY2019;G18;1;28.7;277;121;0.4;7.51;15.2;14.2;127.5;28.3
NY2019;G18;2;28.3;273;114;1.1;8.15;14.5;13.8;133.48;25.33
NY2019;G18;3;28;281;127;0.6;6.9;15.6;14.8;119.14;30.82
NY2019;G19;1;25.8;262;125;0.8;7.73;16.1;15.4;144;27.9
NY2019;G19;2;25.4;258;118;1.5;8.39;15.4;15;150.76;24.97
NY2019;G19;3;25.1;266;131;1;7.1;16.5;16;134.56;30.38
NY2019;G20;1;23.5;290;100;1;11.78;18.9;18.2;252;47.2
NY2019;G20;2;23.1;286;93;1.7;12.78;18.2;17.8;263.83;42.24
NY2019;G20;3;22.8;294;106;1.2;10.83;19.3;18.8;235.48;51.4
NY2019;G21;1;23.6;300;90;0.8;12.06;18.8;16.8;229.6;43.2
NY2019;G21;2;23.2;296;83;1.5;13.08;18.1;16.4;240.38;38.66
NY2019;G21;3;22.9;304;96;1;11.08;19.2;17.4;214.55;47.04
NY2019;G22;1;24.8;250;80;1;12.14;17.6;18.2;239.8;43
NY2019;G22;2;24.4;246;73;1.7;13.17;16.9;17.8;251.06;38.49
NY2019;G22;3;24.1;254;86;1.2;11.16;18;18.8;224.08;46.83
NY2019;G23;1;23.9;260;80;0;13.16;18.7;16.4;254;45.2
NY2019;G23;2;23.5;256;73;0.7;14.27;18;16;265.92;40.45
NY2019;G23;3;23.2;264;86;0.2;12.09;19.1;17;237.35;49.22
NY2019;G24;1;28.6;250;95;0.2;11.41;20.2;17.2;224;46.1
NY2019;G24;2;28.2;246;88;0.9;12.38;19.5;16.8;234.51;41.26
NY2019;G24;3;27.9;254;101;0.4;10.48;20.6;17.8;209.31;50.2
NY2019;G25;1;22.6;255;95;0.2;11.68;19.4;16.4;215.8;46.1
NY2019;G25;2;22.2;251;88;0.9;12.68;18.7;16;225.93;41.26
NY2019;G25;3;21.9;259;101;0.4;10.74;19.8;17;201.65;50.2
NY2019;G26;1;24.9;235;60;1.1;11.67;19.2;15.8;201.6;46
NY2019;G26;2;24.5;231;53;1.8;12.66;18.5;15.4;211.06;41.17
NY2019;G26;3;24.2;239;66;1.3;10.73;19.6;16.4;188.38;50.09
GC2020;G1;1;27.8;292;138;0.2;11.17;20.4;16.8;230.2;38
GC2020;G1;2;28.1;287;131;0.9;12.12;20;16.4;241.01;34.01
GC2020;G1;3;27.9;298;144;0.4;10.27;20.8;17.4;215.11;41.38
GC2020;G2;1;28.6;318;139;0.5;11.35;19.4;16.8;143.9;38.3
GC2020;G2;2;28.9;313;132;1.2;12.31;19;16.4;150.65;34.28
GC2020;G2;3;28.7;324;145;0.7;10.43;19.8;17.4;134.46;41.71
GC2020;G3;1;29.1;254;117;1;11.79;18;18;181;36.4
GC2020;G3;2;29.4;249;110;1.7;12.79;17.6;17.6;189.5;32.58
GC2020;G3;3;29.2;260;123;1.2;10.83;18.4;18.6;169.13;39.64
GC2020;G4;1;26.6;296;128;0.8;11.51;17.4;18.8;189;36.8
GC2020;G4;2;26.9;291;121;1.5;12.49;17;18.4;197.87;32.94
GC2020;G4;3;26.7;302;134;1;10.58;17.8;19.4;176.61;40.08
GC2020;G5;1;29.1;278;139;0.5;13.75;21.6;16.8;235.5;40.8
GC2020;G5;2;29.4;273;132;1.1;14.92;21.2;16.4;246.55;36.52
GC2020;G5;3;29.2;284;145;1.3;12.64;22;17.4;220.06;44.43
GC2020;G6;1;27.7;266;115;0;13.1;20.6;14;217;38.2
GC2020;G6;2;28;261;108;0.6;14.21;20.2;13.6;227.19;34.19
GC2020;G6;3;27.8;272;121;0.8;12.04;21;14.6;202.77;41.6
GC2020;G7;1;26.8;258;99;0;11.45;19.6;12.8;177.2;28.6
GC2020;G7;2;27.1;253;92;0.6;12.42;19.2;12.4;185.52;25.6
GC2020;G7;3;26.9;264;105;0.8;10.52;20;13.4;165.58;31.15
GC2020;G8;1;29.9;279;109;0.4;11.89;19.6;18.4;168.1;34.5
GC2020;G8;2;30.2;274;102;1;12.9;19.2;18;155.44;30.88
GC2020;G8;3;30;285;115;1.2;10.93;20;19;163.8;37.57
GC2020;G9;1;30.7;256;113;0.2;12.51;16.8;15.2;159;38.6
GC2020;G9;2;31;251;106;0.8;13.58;16.4;14.8;147.03;34.55
GC2020;G9;3;30.8;262;119;1;11.5;17.2;15.8;154.93;42.04
GC2020;G10;1;28.3;264;109;0.5;12.8;19;16;179.4;38
GC2020;G10;2;28.6;259;102;1.1;13.88;18.6;15.6;165.89;34.01
GC2020;G10;3;28.4;270;115;1.3;11.76;19.4;16.6;174.81;41.38
GC2020;G11;1;25.7;268;128;3;12.17;18.6;19.2;173.4;28.5
GC2020;G11;2;26;263;121;3.6;13.2;18.2;18.6;160.34;25.51
GC2020;G11;3;25.8;274;134;3.8;11.18;19;19.4;168.97;31.04
GC2020;G12;1;29;296;122;1.5;12.25;17.4;18;180.5;39.7
GC2020;G12;2;29.3;291;115;2.1;13.29;17;17.4;166.91;35.53
GC2020;G12;3;29.1;302;128;2.3;11.25;17.8;18.2;175.88;43.23
GC2020;G13;1;30.3;268;135;0;10.97;16.4;16;122.7;35.1
GC2020;G13;2;30.6;263;128;0.6;11.91;16;15.4;113.46;31.41
GC2020;G13;3;30.4;274;141;0.8;10.08;16.8;16.2;119.56;38.22
GC2020;G14;1;28.6;271;136;3.5;12.66;18.8;19.6;201.2;38.8
GC2020;G14;2;28.9;266;129;4.1;13.73;18.4;19;186.05;34.73
GC2020;G14;3;28.7;277;142;4.3;11.63;19;19.8;196.06;42.25
GC2020;G15;1;30.3;295;132;0;12.4;21.2;17.2;222.4;36.5
GC2020;G15;2;30.6;290;125;0.6;13.45;20.8;16.6;205.65;32.67
GC2020;G15;3;30.4;301;138;0.8;11.39;21.4;17.4;216.71;39.75
GC2020;G16;1;29.3;272;129;0.5;12.05;20.2;15.2;204.2;38.6
GC2020;G16;2;29.6;267;122;1.1;13.08;19.8;14.6;188.82;34.55
GC2020;G16;3;29.4;278;135;1.3;11.08;20.4;15.4;198.98;42.04
GC2020;G17;1;27.5;298;134;0.6;9.85;21.8;17.2;205.8;45.7
GC2020;G17;2;27.8;293;127;1.2;10.69;21.4;16.6;190.3;40.9
GC2020;G17;3;27.6;304;140;1.4;9.05;22;17.4;200.54;49.77
GC2020;G18;1;31.1;256;123;0;12.48;18.2;17.2;205.6;37.6
GC2020;G18;2;31.4;251;116;0.6;13.54;17.8;16.6;190.12;33.65
GC2020;G18;3;31.2;262;129;0.8;11.47;18.4;17.4;200.34;40.95
GC2020;G19;1;29.8;256;129;1.2;12.07;17.6;14.8;180.9;36.8
GC2020;G19;2;30.1;251;122;1.8;13.09;17.2;14.2;167.28;32.94
GC2020;G19;3;29.9;262;135;2;11.09;17.8;15;176.27;40.08
GC2020;G20;1;35.1;303;112;1.4;10.53;21.7;17.3;276.5;42.1
GC2020;G20;2;35.4;298;105;2;11.43;21.3;16.7;255.68;37.68
GC2020;G20;3;35.2;309;118;2.2;9.68;21.9;17.5;269.43;45.85
GC2020;G21;1;30.7;315;120;2.1;10.49;20.1;18;240.1;39.9
GC2020;G21;2;30.4;310;113;2.7;11.38;19.7;17.4;222.02;35.71
GC2020;G21;3;30.2;321;126;2.9;9.64;20.3;18.2;233.96;43.45
GC2020;G22;1;31.6;254;89;2;10.64;19.1;16;216.7;41
GC2020;G22;2;31.3;249;85;2.6;11.55;18.7;15.4;200.38;36.7
GC2020;G22;3;31.1;260;93;2.8;9.78;19.3;16.2;211.16;44.65
GC2020;G23;1;24.9;263;103;1.6;9.66;20.6;17.3;235.2;42.6
GC2020;G23;2;24.6;258;99;2.2;10.48;20.2;16.7;217.49;38.13
GC2020;G23;3;24.4;269;107;2.4;8.88;20.8;17.5;229.19;46.39
GC2020;G24;1;30.8;275;111;1.7;11.48;20.7;16;225.5;42.9
GC2020;G24;2;30.5;270;107;2.3;12.46;20.3;15.4;208.52;38.4
GC2020;G24;3;30.3;281;115;2.5;10.55;20.9;16.2;219.73;46.72
GC2020;G25;1;28.9;265;99;0.6;10.35;21.1;14;213.5;40.4
GC2020;G25;2;28.6;260;95;1.2;11.23;20.7;13.4;197.42;36.16
GC2020;G25;3;28.4;271;103;1.4;9.51;21.3;14.2;208.04;44
GC2020;G26;1;28.7;259;84;0.5;9.06;20.7;14;206.1;42.2
GC2020;G26;2;28.4;254;80;1.1;9.83;20.3;13.4;190.58;37.77
GC2020;G26;3;28.2;265;88;1.3;8.33;20.9;14.2;200.83;45.96
HD2020;G1;1;36.5;301;123;1.7;12.75;20.4;17.2;221.6;36.5
HD2020;G1;2;36.3;295;119;2.3;13.83;19.8;16.6;204.91;32.67
HD2020;G1;3;36.1;307;127;2.5;11.71;20.6;17.4;215.93;39.75
HD2020;G2;1;30.1;319;124;2.3;13.24;17.7;16.8;190.9;36.7
HD2020;G2;2;29.9;313;120;2.9;14.36;17.1;16.2;176.52;32.85
HD2020;G2;3;29.7;325;128;3.1;12.17;17.9;17;186.02;39.97
HD2020;G3;1;30.9;259;108;1.8;12.32;15.5;17;154.1;31.8
HD2020;G3;2;30.7;253;104;2.4;13.36;14.9;16.4;142.5;28.46
HD2020;G3;3;30.5;265;112;2.6;11.32;15.7;17.2;150.16;34.63
HD2020;G4;1;26.2;280;114;1;12.98;17.1;16.8;163.9;37.7
HD2020;G4;2;26;274;110;1.6;14.08;16.5;16.2;151.56;33.74
HD2020;G4;3;25.8;286;118;1.8;11.93;17.3;17;159.71;41.06
HD2020;G5;1;31.3;280;125;0.8;13.36;21;15.4;210.3;35.5
HD2020;G5;2;31.1;274;121;1.4;14.5;20.4;14.8;194.46;31.77
HD2020;G5;3;30.9;286;129;1.6;12.28;21.2;15.6;204.92;38.66
HD2020;G6;1;28.1;268;122;0.7;12.28;19.2;15.6;165.8;28.8
HD2020;G6;2;27.9;262;118;1.3;13.32;18.6;15;153.31;25.78
HD2020;G6;3;27.7;274;126;1.5;11.28;19.4;15.8;161.56;31.36
HD2020;G7;1;29.2;237;90;2.9;11.52;17.5;15.6;142.8;30.9
HD2020;G7;2;29;231;86;3.5;12.5;16.9;15;132.05;27.66
HD2020;G7;3;28.8;243;94;3.7;10.59;17.7;15.8;139.15;33.65
HD2020;G8;1;31.4;282;109;0.6;12.15;19.4;17.6;211.2;35
HD2020;G8;2;31.2;276;105;1.2;13.18;18.8;17;195.3;31.33
HD2020;G8;3;31;288;113;1.4;11.16;19.6;17.8;205.8;38.12
HD2020;G9;1;29.2;261;115;0;12.47;18.7;15.6;208.3;35
HD2020;G9;2;29;255;111;0.6;13.53;18.1;15;192.61;31.33
HD2020;G9;3;28.8;267;119;0.8;11.46;18.5;15.8;202.97;38.12
HD2020;G10;1;31.9;272;98;1.1;14.03;21.5;15;203.5;37.5
HD2020;G10;2;31.7;266;94;1.7;15.22;20.9;14.4;188.18;33.56
HD2020;G10;3;31.5;278;102;1.9;12.89;21.3;15.2;198.3;40.84
HD2020;G11;1;28.9;257;112;0.3;12.67;17.1;16.6;170.4;27.3
HD2020;G11;2;28.7;251;108;0.9;13.75;16.5;16;157.57;24.43
HD2020;G11;3;28.5;263;116;1.1;11.65;16.9;16.8;166.04;29.73
HD2020;G12;1;29.6;279;109;2.7;12.79;16.3;18.2;167;37.8
HD2020;G12;2;29.4;273;105;3.3;13.88;15.7;17.6;154.42;33.83
HD2020;G12;3;29.2;285;113;3.5;11.76;16.1;18.4;162.73;41.16
HD2020;G13;1;31.7;263;119;0.6;13.87;18.1;14;184;36.6
HD2020;G13;2;31.5;257;115;1.2;15.05;17.5;13.4;170.14;32.76
HD2020;G13;3;31.3;269;123;1.4;12.75;17.9;14.2;179.3;39.86
HD2020;G14;1;32;261;118;3.3;12.09;16.7;18.4;160.6;35
HD2020;G14;2;31.8;255;114;3.9;13.12;16.1;17.8;148.51;31.33
HD2020;G14;3;31.6;267;122;4.1;11.11;16.5;18.6;156.49;38.12
HD2020;G15;1;31.5;308;139;0;12.83;20.1;16.2;223.3;36
HD2020;G15;2;31.3;302;135;0.6;13.92;19.5;15.6;206.48;32.22
HD2020;G15;3;31.1;314;143;0.8;11.79;19.9;16.4;217.59;39.2
HD2020;G16;1;31.4;277;120;1.6;11.23;20.3;15.6;214.5;37.6
HD2020;G16;2;31.2;271;116;2.2;12.18;19.7;15;198.35;33.65
HD2020;G16;3;31;283;124;2.4;10.32;20.1;15.8;209.02;40.95
HD2020;G17;1;31.6;315;130;2.1;12.7;19.3;16.4;176;34.4
HD2020;G17;2;31.4;309;126;2.7;13.78;18.7;15.8;162.75;30.79
HD2020;G17;3;31.2;321;134;2.9;11.67;19.1;16.6;171.5;37.46
HD2020;G18;1;34.5;263;121;0.3;12.86;18.3;15.2;171.9;33.5
HD2020;G18;2;34.3;257;117;0.9;13.95;17.7;14.6;158.95;29.98
HD2020;G18;3;34;269;125;1.1;11.82;18.1;15.4;167.5;36.48
HD2020;G19;1;30.1;274;135;0.9;12.53;16.4;15.4;181.6;32.6
HD2020;G19;2;29.9;268;131;1.5;13.6;16.1;14.8;167.92;29.18
HD2020;G19;3;29.6;280;139;1.7;11.52;17.1;15.6;176.96;35.5
HD2020;G20;1;30;316;139;0.7;8.53;17.6;16.8;129.7;26.9
HD2020;G20;2;29.8;310;135;1.3;9.26;17.3;16.2;119.93;24.08
HD2020;G20;3;29.5;322;143;1.5;7.84;18.3;17;126.38;29.29
HD2020;G21;1;26.3;326;134;1.2;8.16;16.9;16.8;123.4;26
HD2020;G21;2;26.1;320;130;1.8;8.85;16.6;16.2;114.11;23.27
HD2020;G21;3;25.8;330;138;2;7.5;17.6;17;120.24;28.31
HD2020;G22;1;24.7;276;116;0.8;8.47;16.4;15.2;120.1;26.9
HD2020;G22;2;24.5;273;112;1.4;9.19;16.1;14.6;111.06;24.08
HD2020;G22;3;24.2;280;120;1.6;7.78;17.1;15.4;117.03;29.29
HD2020;G23;1;23.2;273;114;0.3;7.98;16.6;17.6;122;27.6
HD2020;G23;2;23;270;110;0.9;8.66;16.3;17;112.81;24.7
HD2020;G23;3;22.7;277;118;1.1;7.34;17.3;17.8;118.88;30.06
HD2020;G24;1;25.9;274;121;1.2;8.28;20.7;16;141.1;29
HD2020;G24;2;25.7;271;117;1.8;8.99;20.4;15.4;130.47;25.96
HD2020;G24;3;25.4;278;125;2;7.61;21.4;16.2;137.49;31.58
HD2020;G25;1;27;279;119;1;8.35;19.6;15.6;145;29
HD2020;G25;2;26.8;276;115;1.6;9.06;19.3;15;134.08;25.96
HD2020;G25;3;26.5;283;123;1.8;7.68;20.3;15.8;141.29;31.58
HD2020;G26;1;23;270;102;0.2;7.52;17.2;15;133.4;26.4
HD2020;G26;2;22.8;267;98;0.8;8.16;16.9;14.4;123.35;23.63
HD2020;G26;3;22.5;274;106;0.6;6.91;17.9;15.2;129.99;28.75
SZ2020;G1;1;29;334;143;0.3;7.43;17.1;16.4;151.5;30.1
SZ2020;G1;2;29.2;331;136;0.9;8.07;16.8;16;140.09;26.94
SZ2020;G1;3;28.9;338;148;0.8;6.83;17.8;16.8;147.63;32.78
SZ2020;G2;1;25.6;316;128;0.5;8.84;18.1;16.8;155.2;31.7
SZ2020;G2;2;25.8;313;121;0.8;9.59;17.8;16.4;143.51;28.37
SZ2020;G2;3;25.5;320;133;1;8.13;18.8;17.2;151.23;34.52
SZ2020;G3;1;26.5;282;114;1.4;10.27;16.7;16;152.8;30.5
SZ2020;G3;2;26.7;279;107;1.7;11.14;16.4;15.6;141.29;27.3
SZ2020;G3;3;26.4;286;119;1.9;9.44;17.4;16.4;148.89;33.21
SZ2020;G4;1;25.3;280;104;0.4;10.09;16.6;16;154.2;31.9
SZ2020;G4;2;25.5;277;97;0.7;10.95;16.3;15.6;142.59;28.55
SZ2020;G4;3;25.2;284;109;0.9;9.28;17.3;16.4;150.26;34.74
SZ2020;G5;1;28;312;126;0.4;9.83;18.1;15.6;145;32
SZ2020;G5;2;28.2;309;119;0.7;10.66;17.8;15.2;134.08;26.4
SZ2020;G5;3;27.9;316;131;0.9;9.03;18.8;16;141.29;35.17
SZ2020;G6;1;24;268;109;0.3;8.95;18.5;13.8;119.6;16.5
SZ2020;G6;2;24.2;265;102;0.6;9.71;18.2;13.4;110.59;13.61
SZ2020;G6;3;23.9;272;114;0.8;8.23;19.2;14.2;116.54;18.13
SZ2020;G7;1;27.4;266;89;0.1;9.59;18.5;13.6;137.5;28.7
SZ2020;G7;2;27.6;263;82;0.4;10.41;18.2;13.2;127.15;23.68
SZ2020;G7;3;27.3;270;94;0.6;8.82;19.2;14;133.98;31.54
SZ2020;G8;1;30.6;305;115;0.6;9.52;16.6;18.2;144.5;31.9
SZ2020;G8;2;30.8;302;108;0.9;10.33;16.1;17.8;133.62;26.32
SZ2020;G8;3;30.5;309;120;1.1;8.75;17.3;18.6;140.81;35.06
SZ2020;G9;1;33.1;243;105;0.2;10.33;17.2;14.4;139;28.8
SZ2020;G9;2;33.3;240;98;0.5;11.2;16.7;14;128.53;23.76
SZ2020;G9;3;33;247;110;0.7;9.49;17.9;14.8;135.45;31.65
SZ2020;G10;1;33;290;110;1.4;9.95;19.1;16.2;148.6;31.5
SZ2020;G10;2;33.2;287;103;1.7;10.8;18.6;15.8;137.41;25.99
SZ2020;G10;3;32.9;294;115;1.9;9.14;19.8;16.6;144.8;34.62
SZ2020;G11;1;28.5;278;110;0.2;10.42;18.3;17;141.2;26.4
SZ2020;G11;2;28.7;275;103;0.5;11.31;17.8;16.6;130.57;21.78
SZ2020;G11;3;28.4;282;115;0.7;9.58;19;17.4;137.59;29.01
SZ2020;G12;1;27.4;296;123;0.3;10.14;16.9;18.1;158.1;31.7
SZ2020;G12;2;27.6;293;116;0.6;11;16.4;17.7;146.19;26.15
SZ2020;G12;3;27.3;300;128;0.8;9.32;17.6;18.5;154.06;34.84
SZ2020;G13;1;32.5;256;102;0.2;9.71;17.4;14.4;147.6;32.2
SZ2020;G13;2;32.7;253;95;0.5;10.54;16.9;14;136.48;26.57
SZ2020;G13;3;32.4;260;107;0.7;8.92;18.1;14.8;143.83;35.39
SZ2020;G14;1;26.9;273;108;2.9;10.23;17.9;17.4;139.3;28.5
SZ2020;G14;2;27.1;270;101;3.2;11.1;17.4;17;128.81;23.51
SZ2020;G14;3;26.8;277;113;3.4;9.4;18.6;17.8;135.74;31.32
SZ2020;G15;1;32;315;138;0;10.16;17.8;15;157.7;32.1
SZ2020;G15;2;32.2;312;131;0.3;11.03;17.3;14.6;145.82;26.48
SZ2020;G15;3;31.9;319;143;0.5;9.34;18.5;15.4;153.67;35.28
SZ2020;G16;1;30.9;269;114;0.5;9.96;18.3;14.4;139.8;30.3
SZ2020;G16;2;31.1;266;107;0.8;10.81;17.8;14;129.27;25
SZ2020;G16;3;30.8;273;119;1;9.16;19;14.8;136.23;33.3
SZ2020;G17;1;25.3;351;152;1.3;8.8;16.8;16.4;134.4;33.7
SZ2020;G17;2;25.5;348;145;1.6;9.55;16.3;16;124.28;27.8
SZ2020;G17;3;25.2;355;157;1.8;8.09;17.5;16.8;130.96;37.04
SZ2020;G18;1;33.7;278;118;0.2;10.35;17.2;14.4;148.5;31.5
SZ2020;G18;2;34;275;111;0.5;11.23;16.7;14;137.32;25.99
SZ2020;G18;3;33.7;282;123;0.7;9.51;17.9;14.8;144.7;34.62
SZ2020;G19;1;32.7;275;132;0.4;9.11;15.6;14.2;125.1;30.3
SZ2020;G19;2;33;272;125;0.7;9.88;15.1;13.8;115.68;25
SZ2020;G19;3;32.7;279;137;0.9;8.37;16.3;14.6;121.9;33.3
SZ2020;G20;1;28.5;320;122;1.4;11.13;18.1;16.4;147.2;32.8
SZ2020;G20;2;28.8;317;115;1.7;12.08;17.6;16;136.11;27.06
SZ2020;G20;3;28.5;324;127;1.9;10.23;18.8;16.8;143.44;36.05
SZ2020;G21;1;24.7;314;113;1.8;10.24;17.7;17;142.1;35.3
SZ2020;G21;2;25;311;106;2.1;11.11;17.2;16.6;131.4;29.12
SZ2020;G21;3;24.7;318;118;2.3;9.41;18.4;17.4;138.47;38.79
SZ2020;G22;1;26.6;257;92;1.7;10.67;13.3;16.8;143.1;29.8
SZ2020;G22;2;26.9;254;85;2;11.58;12.8;16.4;132.32;24.59
SZ2020;G22;3;26.6;261;97;2.2;9.81;14;17.2;139.44;32.75
SZ2020;G23;1;23.9;249;80;1.2;9.24;16.1;16.4;133;32.4
SZ2020;G23;2;24.2;246;73;1.5;10.02;15.6;16;122.98;26.73
SZ2020;G23;3;24.6;253;85;1.7;8.49;16.8;16.8;129.6;35.61
SZ2020;G24;1;28.1;268;89;1.2;11.3;17.8;15.6;153.8;34.5
SZ2020;G24;2;28.4;265;82;1.5;12.26;17.3;15.2;142.22;28.46
SZ2020;G24;3;28.8;272;94;1.7;10.39;18.5;16;149.87;37.92
SZ2020;G25;1;25.9;244;85;2.2;9.43;16;13.6;127.2;30.8
SZ2020;G25;2;26.2;241;78;2.5;10.23;15.5;13.2;117.62;25.41
SZ2020;G25;3;26.6;248;90;2.7;8.66;16.7;14;123.95;33.85
SZ2020;G26;1;24.5;253;69;0.9;8.7;15.4;13.2;124.8;34.2
SZ2020;G26;2;24.8;250;62;1.2;9.44;14.9;12.8;115.4;28.22
SZ2020;G26;3;25.2;257;74;1.4;7.99;16.1;13.6;121.61;37.59
SX2020;G1;1;39.4;276;92;3;9.76;17.7;17.3;142.3;40.2
SX2020;G1;2;39.6;273;88;3.3;10.59;17;17.1;135.85;33.17
SX2020;G1;3;39.7;272;98;3.4;8.97;18.2;17.6;138.66;44.18
SX2020;G2;1;34.8;278;76;0.3;11.28;18.2;16;150.4;37.6
SX2020;G2;2;35;275;72;0.6;12.23;17.5;15.8;143.59;31.02
SX2020;G2;3;35.1;274;82;0.7;10.36;18.7;16.3;146.55;41.32
SX2020;G3;1;34;221;71;0.3;10.26;19;13.3;147;32.7
SX2020;G3;2;34.2;218;67;0.6;11.14;18.3;13.1;140.34;26.98
SX2020;G3;3;34.3;217;77;0.7;9.43;19.5;13.6;143.24;35.94
SX2020;G4;1;31.7;216;74;0.5;11.18;19.2;16;159.1;40.7
SX2020;G4;2;31.9;213;70;0.8;12.13;18.5;15.8;151.89;33.58
SX2020;G4;3;32;212;80;0.9;10.27;19.7;16.3;155.03;44.73
SX2020;G5;1;42.3;261;85;0.8;10.34;20.2;19.3;147.7;24.4
SX2020;G5;2;42.5;258;81;1.1;11.22;19.5;19.1;141.01;20.13
SX2020;G5;3;42.6;257;91;1.2;9.5;20.7;19.6;143.92;26.82
SX2020;G6;1;37.5;228;78;2.2;10.84;18.7;16;140.8;30.2
SX2020;G6;2;37.7;225;74;2.5;11.76;18;15.8;134.42;24.92
SX2020;G6;3;37.8;224;84;2.6;9.96;19.2;16.3;137.2;33.19
SX2020;G7;1;33.9;227;76;3.5;9.01;21.5;15.3;130.4;34.4
SX2020;G7;2;34.1;224;72;3.8;9.77;20.8;15.1;124.49;28.38
SX2020;G7;3;34.2;223;82;3.9;8.28;22;15.6;127.07;37.81
SX2020;G8;1;32.9;234;76;1.2;11.1;19.8;17.3;159.8;38.1
SX2020;G8;2;33.1;231;72;1.5;12.04;19.1;17.1;152.56;31.43
SX2020;G8;3;33.2;230;82;1.6;10.2;20.3;17.6;155.71;41.87
SX2020;G9;1;35.7;210;69;2.5;10.29;22.2;16;146.9;34.5
SX2020;G9;2;35.9;207;65;2.8;11.17;21.5;15.8;140.24;28.46
SX2020;G9;3;36;206;75;2.9;9.46;22.7;16.3;143.14;37.92
SX2020;G10;1;36.8;252;86;1.3;11.14;19.3;16.7;156.3;33.9
SX2020;G10;2;37;249;82;1.6;12.08;18.6;16.5;149.22;27.97
SX2020;G10;3;37.1;248;92;1.7;10.23;19.8;17;152.3;37.26
SX2020;G11;1;34.7;213;68;1.8;10.96;20.4;18.7;157.2;35.9
SX2020;G11;2;34.9;210;64;2.1;11.89;19.7;18.5;150.08;29.62
SX2020;G11;3;35;209;74;2.2;10.07;20.9;19;153.18;39.45
SX2020;G12;1;34.6;235;80;1;10.36;19.1;13.3;150.6;37.4
SX2020;G12;2;34.8;232;76;1.3;11.24;18.4;13.1;143.78;30.86
SX2020;G12;3;34.9;231;86;1.4;9.52;19.6;13.6;146.75;41.1
SX2020;G13;1;36;228;81;1.5;12.37;20.4;16;178.2;37.3
SX2020;G13;2;36.2;225;77;1.8;13.42;19.7;15.8;170.13;30.77
SX2020;G13;3;36.3;224;87;1.9;11.37;20.9;16.3;173.64;40.99
SX2020;G14;1;39.5;230;82;0.5;10.39;18.7;15.3;146.7;32.6
SX2020;G14;2;39.7;227;78;0.8;11.27;18;15.1;140.05;26.9
SX2020;G14;3;39.8;226;88;0.9;9.55;19.2;15.6;142.95;35.83
SX2020;G15;1;37.6;269;92;0.7;11.73;18.9;15.3;169.6;37.1
SX2020;G15;2;37.8;266;88;1;12.73;18.2;15.1;161.92;30.61
SX2020;G15;3;37.9;265;98;1.1;10.78;19.4;15.6;165.26;40.77
SX2020;G16;1;37.5;242;81;0.7;8.94;18.6;14.7;130.6;34.7
SX2020;G16;2;37.7;239;78;1;9.71;17.9;14.5;124.68;28.63
SX2020;G16;3;37.8;238;86;1.1;8.22;19.1;15;127.26;38.14
SX2020;G17;1;35;276;87;0.7;9.62;21.7;17.4;141.9;34.9
SX2020;G17;2;35.2;273;84;1;10.44;21;17.2;135.47;28.79
SX2020;G17;3;35.3;272;92;1.1;8.84;22.2;17.8;138.27;38.36
SX2020;G18;1;41;228;84;1.5;10.72;19.1;16.6;156.3;31.6
SX2020;G18;2;41.2;225;81;1.8;11.63;18.4;16.2;149.22;26.07
SX2020;G18;3;41.3;224;89;1.9;9.85;19.6;17;152.3;34.73
SX2020;G19;1;33.9;224;86;2.3;10.54;19.5;12.7;160.8;42.7
SX2020;G19;2;34.1;221;83;2.6;11.44;18.8;12.3;153.51;35.23
SX2020;G19;3;34.2;220;91;2.7;9.69;20;13.1;156.69;46.93
SX2020;G20;1;39.3;334;122;2;6.45;19.5;17.6;208.7;36
SX2020;G20;2;39.5;331;119;2.3;7;18.8;17.2;199.24;29.7
SX2020;G20;3;39.6;330;127;2.4;5.93;20;18;203.36;39.56
SX2020;G21;1;34.6;338;122;1.2;10.61;21.3;17.8;276.1;40.4
SX2020;G21;2;34.8;335;119;1.5;11.51;20.6;17.4;263.59;33.33
SX2020;G21;3;34.9;334;127;1.6;9.75;21.8;18.2;269.04;44.4
SX2020;G22;1;38.9;287;91;0.9;10.2;17;18.9;206.2;33
SX2020;G22;2;39.1;284;88;1.2;11.07;16.3;18.5;196.86;27.23
SX2020;G22;3;39.2;283;96;1.3;9.37;17.5;19.4;200.93;36.27
SX2020;G23;1;30.5;287;102;1.6;10.07;18.9;16.9;203.1;39.7
SX2020;G23;2;30.7;283;99;1.9;10.93;18.2;16.5;193.9;32.75
SX2020;G23;3;31;283;107;2;9.26;19.4;17.3;197.91;43.63
SX2020;G24;1;35.5;310;103;2.6;12.6;20.9;16.4;230.9;38.4
SX2020;G24;2;35.7;306;100;2.9;13.67;20.2;16;220.44;31.68
SX2020;G24;3;36;306;108;3;11.58;21.4;16.8;225;42.2
SX2020;G25;1;31.6;281;108;0.6;12.6;20.7;14.2;220.6;38.4
SX2020;G25;2;31.8;277;105;0.9;13.67;20;13.8;210.61;31.68
SX2020;G25;3;32.1;277;113;1;11.57;21.2;14.6;214.96;42.2
SX2020;G26;1;33.1;275;88;1;10.51;18.1;14.2;173.5;35.4
SX2020;G26;2;33.3;271;85;1.3;11.41;17.4;13.8;165.64;29.21
SX2020;G26;3;33.6;271;93;1.4;9.66;18.6;14.6;169.06;38.9
JS2020;G1;1;34.2;273;90;1.5;9.25;20.8;17;183.8;33.2
JS2020;G1;2;34.4;269;87;1.8;10.04;20.4;16.6;175.47;27.39
JS2020;G1;3;34.7;277;95;2.1;8.5;21.4;17.4;179.1;36.49
JS2020;G2;1;29.6;281;91;0.8;9.25;20.8;16;207.3;32.8
JS2020;G2;2;29.8;277;88;1.1;10.04;20.4;15.6;197.91;27.06
JS2020;G2;3;30.1;285;96;1.4;8.5;21.4;16.4;227.5;36.05
JS2020;G3;1;29.4;226;89;1;9.8;19.8;17;194.3;28.1
JS2020;G3;2;29.6;222;86;1.3;10.63;19.4;16.6;185.5;23.18
JS2020;G3;3;29.9;230;94;1.6;9.01;20.4;17.4;213.23;30.88
JS2020;G4;1;31.5;239;89;0.7;9.5;18.8;17;197.5;35.4
JS2020;G4;2;31.9;235;86;1;10.31;18.4;16.6;188.55;29.21
JS2020;G4;3;32.2;243;94;1.3;8.73;19.4;17.4;216.75;38.9
JS2020;G5;1;29.5;253;95;1.3;8.98;20;16;186.5;33.3
JS2020;G5;2;29.9;249;92;1.6;9.74;19.6;15.6;178.05;27.47
JS2020;G5;3;30.3;257;100;1.9;8.25;20.6;16.4;204.67;36.6
JS2020;G6;1;31.9;236;87;0.3;10.03;20.8;13;203.7;36.5
JS2020;G6;2;32.3;232;84;0.6;10.88;20.4;12.6;194.47;30.11
JS2020;G6;3;32.7;240;92;0.9;9.22;21.4;13.4;223.55;40.11
JS2020;G7;1;34.1;223;87;0.3;9.34;19.3;15;159;30.9
JS2020;G7;2;34.5;219;84;0.6;10.14;18.9;14.6;151.8;25.49
JS2020;G7;3;34.9;227;92;0.9;8.59;19.9;15.4;174.49;33.96
JS2020;G8;1;32.3;261;97;2;9.46;22.5;20;208.9;31
JS2020;G8;2;32.7;257;94;2.3;10.26;22.1;19.6;199.44;25.58
JS2020;G8;3;33.1;265;102;2.6;8.69;23.1;20.4;229.26;34.07
JS2020;G9;1;29.5;233;100;1.2;9.29;20;16;214.5;33.8
JS2020;G9;2;29.9;229;97;1.5;10.08;19.6;15.6;204.78;27.89
JS2020;G9;3;30.3;237;105;1.8;8.54;20.6;16.4;235.4;37.15
JS2020;G10;1;32.2;246;82;0.7;9.72;23.5;15;229.3;34.9
JS2020;G10;2;32.6;242;79;1;10.55;23.1;14.6;218.91;28.79
JS2020;G10;3;33;250;87;1.3;8.94;24.1;15.4;251.64;38.36
JS2020;G11;1;30.6;240;105;0;10.18;19.3;20;192.3;30.1
JS2020;G11;2;31;245;102;0.3;11.04;18.9;19.6;183.59;24.83
JS2020;G11;3;31.4;244;110;0.6;9.35;19.9;20.4;211.04;33.08
JS2020;G12;1;32.3;234;89;1.7;9.25;19;18;159.6;35
JS2020;G12;2;32.7;239;86;2;10.04;18.6;17.4;152.37;28.88
JS2020;G12;3;33.1;238;94;2.3;8.5;19.6;18.6;175.15;38.47
JS2020;G13;1;37;240;95;1.3;9.77;18.3;16;154.5;28.6
JS2020;G13;2;37.4;245;92;1.6;10.6;17.9;15.4;147.5;23.6
JS2020;G13;3;37.8;244;100;1.9;8.98;18.9;16.6;169.56;31.43
JS2020;G14;1;33.7;242;100;3.3;8.92;21;18;179.2;32.1
JS2020;G14;2;34.1;247;97;3.6;9.68;20.6;17.4;171.08;26.48
JS2020;G14;3;34.5;246;105;3.9;8.2;21.6;18.6;196.66;35.28
JS2020;G15;1;31.6;275;100;0.5;8.95;20.3;16.6;205.4;33.7
JS2020;G15;2;32;280;97;0.8;9.71;19.9;15.8;196.09;27.8
JS2020;G15;3;32.4;279;105;1.1;8.23;20.9;17.2;225.41;37.04
JS2020;G16;1;31.7;242;93;2.2;8.77;22;14;188;33.9
JS2020;G16;2;32.1;247;90;2.5;9.52;21.6;13.4;179.48;27.97
JS2020;G16;3;32.5;246;98;2.8;8.06;22.6;14.6;206.32;37.26
JS2020;G17;1;32.2;283;96;2.2;9;20.3;15;134.7;34.9
JS2020;G17;2;32.6;288;93;2.5;9.77;19.9;14.4;128.6;28.79
JS2020;G17;3;33;287;101;2.8;8.27;20.9;15.6;147.83;38.36
JS2020;G18;1;34.1;253;109;0;9.82;17.8;16;165.5;28.8
JS2020;G18;2;34.5;258;106;0.3;10.66;17.4;15.4;158;23.76
JS2020;G18;3;34.9;257;114;0.6;9.03;18.4;16.6;181.63;31.65
JS2020;G19;1;33.6;242;109;0.3;9.17;16.8;13;154.1;33.4
JS2020;G19;2;34;247;103;0.6;9.95;16.4;12.4;147.12;27.56
JS2020;G19;3;34.4;246;115;0.9;8.43;17.4;13.6;169.12;36.71
JS2020;G20;1;29.6;298;123;1.1;11.13;18;16.5;163.1;34.8
JS2020;G20;2;30;303;117;1.4;12.07;17.6;15.9;155.71;28.71
JS2020;G20;3;30.4;302;129;1.7;10.23;18.6;17.1;178.99;38.25
JS2020;G21;1;26.9;292;100;0.3;11.8;18.6;15.8;168.6;34.5
JS2020;G21;2;27.3;297;94;0.6;12.8;18.2;15.2;160.96;28.46
JS2020;G21;3;27.7;296;106;0.9;10.84;19.2;16.4;185.03;37.92
JS2020;G22;1;27.4;251;87;0.8;11.62;19.2;15.6;166;34.7
JS2020;G22;2;27.8;256;81;1.1;12.61;18.8;15;158.48;28.63
JS2020;G22;3;28.2;255;93;1.4;10.68;19.8;16.2;182.18;38.14
JS2020;G23;1;27.6;260;92;0.5;11.82;18;16.5;173.3;37.6
JS2020;G23;2;28;265;86;0.8;12.83;17.6;15.9;165.45;31.02
JS2020;G23;3;28.4;264;98;1.1;10.87;18.6;17.1;190.19;41.32
JS2020;G24;1;29.3;295;120;0.2;11.5;18.5;16;164.3;36.2
JS2020;G24;2;29.7;300;114;0.5;12.48;18.1;15.4;156.86;29.87
JS2020;G24;3;30.1;299;126;0.9;10.57;19.1;16.6;180.31;39.78
JS2020;G25;1;26.7;252;84;0.2;11.7;17.4;14;167.1;36
JS2020;G25;2;27.1;257;78;0.5;12.7;17;13.4;159.53;29.7
JS2020;G25;3;27.5;256;90;0.9;10.75;18;14.8;183.38;39.56
JS2020;G26;1;27.3;240;85;0.2;10.03;16.8;15;135.3;32.3
JS2020;G26;2;27.7;245;79;0.5;10.88;16.4;14.4;129.17;26.65
JS2020;G26;3;28.1;244;91;0.9;9.22;17.4;15.8;148.48;35.5
YC2020;G1;1;33.3;310;116.7;0.6;9.37;18.2;16;196.2;37.2
YC2020;G1;2;33.7;315;110.7;0;10.17;17.8;15.4;209.05;30.69
YC2020;G1;3;34.1;314;122.7;1.3;8.61;18.8;16.4;215.32;40.88
YC2020;G2;1;30.3;315;101.7;0.5;11.31;19.6;17.6;227.9;34.4
YC2020;G2;2;30.7;320;95.7;0.2;12.27;19.2;17;242.82;28.38
YC2020;G2;3;31.1;319.3;107.7;1.2;10.39;20.2;18;250.11;37.81
YC2020;G3;1;32;271;100;1.1;12.15;18.2;16.8;227.2;36.8
YC2020;G3;2;32.4;276;94;0.8;13.18;17.8;16.2;242.07;30.36
YC2020;G3;3;32.8;275.3;106;1.8;11.16;18.8;17.2;249.34;40.44
YC2020;G4;1;26.7;268;101.3;0;10.11;18.2;16;190.4;37.2
YC2020;G4;2;27.1;273;95.3;0.3;10.97;17.8;15.4;202.87;30.69
YC2020;G4;3;27.5;272.3;107.3;0.7;9.3;18.8;16.4;208.95;40.88
YC2020;G5;1;32.3;299;110;0;11.35;19.7;14.4;201.3;36.6
YC2020;G5;2;32.7;304;104;0.5;12.32;19.3;13.8;214.48;30.2
YC2020;G5;3;33.1;303.3;116;0.7;10.43;20.3;14.8;220.92;40.22
YC2020;G6;1;30.9;272;103;0;11.15;19.1;13.2;180;34.5
YC2020;G6;2;31.3;277;97;0.3;12.1;18.6;12.6;191.78;28.46
YC2020;G6;3;31.7;275.7;109;0.7;10.25;18.9;13.6;197.54;37.92
YC2020;G7;1;28.7;268;87;0;11.08;19.6;13.2;165.8;32.4
YC2020;G7;2;29.1;273;81;0.8;12.02;19.1;12.6;176.65;26.73
YC2020;G7;3;29.5;272;93;0.7;10.18;19.4;13.6;181.96;35.61
YC2020;G8;1;29.1;292;94.7;0;8.82;17.8;18.4;216.8;34.5
YC2020;G8;2;29.5;297;88.7;0.6;9.57;17.3;17.8;230.99;28.46
YC2020;G8;3;29.9;295.7;100.7;0.7;8.11;17.6;18.8;237.93;37.92
YC2020;G9;1;32.7;248;101.7;0.3;10.59;16.6;14.8;152.6;31.5
YC2020;G9;2;33.1;253;95.7;0;11.49;16.1;14.2;162.59;25.99
YC2020;G9;3;33.5;254;107.7;1;9.73;16.4;15.2;167.47;34.62
YC2020;G10;1;33.4;281;94.3;0.3;12.14;20.6;16;203.3;34.2
YC2020;G10;2;33.8;286;88.3;0;13.17;20.1;15.4;216.61;28.22
YC2020;G10;3;34.2;287;100.3;1;11.16;20.4;16.4;223.11;37.59
YC2020;G11;1;33.8;271;110;0;11.03;18.2;17.6;191.3;27.9
YC2020;G11;2;34.2;276;104;0.8;11.97;17.7;17;203.82;23.02
YC2020;G11;3;34.6;277;116;0.7;10.14;18;18;209.94;30.66
YC2020;G12;1;29;273;94.7;0.5;11.16;19.7;16.8;206.6;36
YC2020;G12;2;29.4;278;88.7;1.2;12.1;19.2;16.2;220.13;29.7
YC2020;G12;3;29.8;279;100.7;1.4;10.25;19.5;17.2;226.94;39.56
YC2020;G13;1;33.4;266;105.7;0.4;11.21;16.4;14.8;185;36.7
YC2020;G13;2;33.8;271;99.7;1.1;12.16;15.9;14.2;197.11;30.28
YC2020;G13;3;34.2;272;111.7;1.3;10.3;16.2;15.2;203.21;40.33
YC2020;G14;1;27.7;277;102.3;2.2;10.75;17.2;18;187.7;30.7
YC2020;G14;2;28.1;282;96.3;1.8;11.67;16.7;17.4;199.99;25.33
YC2020;G14;3;28.5;283;108.3;3.1;9.88;17;18.4;206.18;33.74
YC2020;G15;1;30.1;301;117.3;0;10.01;19.2;16;212.3;34.1
YC2020;G15;2;29.8;306;111.3;0.3;10.86;18.7;15.4;226.2;28.13
YC2020;G15;3;30.2;307;123.3;0.9;9.2;19;16.4;233.2;37.48
YC2020;G16;1;34.3;264;94.3;0.9;10.66;19.8;14.8;186.9;37.8
YC2020;G16;2;34;269;88.3;0;11.56;19.3;14.2;199.14;31.19
YC2020;G16;3;34.4;270;100.3;1.8;9.79;19.6;15.2;205.3;41.54
YC2020;G17;1;31.1;304;105.7;0.5;10.08;17.7;17.2;208.4;37.1
YC2020;G17;2;30.8;309;99.7;0;10.94;17.2;16.6;222.04;30.61
YC2020;G17;3;31.2;310;111.7;1.4;9.26;17.5;17.6;228.92;40.77
YC2020;G18;1;32.3;278;109;0;11.37;18.7;15.2;202.5;39.1
YC2020;G18;2;32;283;106;0.6;12.34;18.2;14.6;215.76;32.26
YC2020;G18;3;32.4;284;114;0.9;10.45;18.5;15.6;222.43;42.97
YC2020;G19;1;33.5;264;108.7;0;10.59;16.6;15.6;182.9;33.2
YC2020;G19;2;33.2;269;105.7;0.6;11.49;16.1;15;194.87;27.39
YC2020;G19;3;33.6;270;113.7;0.9;9.73;16.4;16;200.91;36.49
YC2020;G20;1;30.1;320;135;4.3;10.09;18.2;16;143.5;35.9
YC2020;G20;2;29.8;325;132;3.2;10.95;17.7;15.4;152.89;29.62
YC2020;G20;3;30.2;326;140;5.2;9.28;18;16.4;157.63;39.45
YC2020;G21;1;29;300;120;3.4;11.08;21.2;21.2;264.4;37.8
YC2020;G21;2;28.7;305;117;3.1;12.02;20.7;20.6;281.71;31.19
YC2020;G21;3;29.1;294;125;4.3;10.18;21;21.6;290.43;41.54
YC2020;G22;1;30.7;270;90;3.8;10.77;18;18;186.2;34.5
YC2020;G22;2;30.4;275;87;2.6;11.69;17.5;17.4;198.39;28.46
YC2020;G22;3;30.8;264;95;4.7;9.9;17.8;18.4;204.53;37.92
YC2020;G23;1;28.4;280;110;2.5;11.48;18.2;18;194.5;41.6
YC2020;G23;2;28.1;285;107;3.1;12.46;17.7;17.4;207.23;34.32
YC2020;G23;3;28.5;274;115;3.4;10.55;18;18.4;213.65;45.72
YC2020;G24;1;30.3;280;110;3.6;9.85;19;16;169.2;36.5
YC2020;G24;2;30;286;107;3;10.68;18.5;15.4;180.28;30.11
YC2020;G24;3;30.4;274;115;4.5;9.05;18.8;16.4;185.86;40.11
YC2020;G25;1;30.1;290;125;2.8;10.74;19.8;16;184.1;38.4
YC2020;G25;2;29.8;296;122;2.5;11.65;19.3;15.4;196.15;31.68
YC2020;G25;3;30.2;284;130;3.7;9.87;19.6;16.4;202.22;42.2
YC2020;G26;1;29.1;270;100;0.9;11.14;18.2;14;142.5;29.9
YC2020;G26;2;28.8;276;97;1.1;12.09;17.7;13.4;151.83;24.67
YC2020;G26;3;29.2;264;105;1.8;10.24;18;14.4;156.53;32.86
LZ2020;G1;1;29.3;290;105;4;9.19;18.6;18;165.6;35.4
LZ2020;G1;2;29;296;102;3.2;9.98;18.1;17.4;176.44;29.21
LZ2020;G1;3;29.1;284;110;4.9;8.45;18.4;18.4;181.9;38.9
LZ2020;G2;1;30.9;250;110;2.8;11.81;18.4;16;166.1;37.1
LZ2020;G2;2;30.6;256;107;2.2;12.82;17.9;15.4;176.97;30.61
LZ2020;G2;3;30.7;244;115;3.7;10.85;18.2;16.4;182.45;40.77
LZ2020;G3;1;29.5;270;90;0.7;12.14;22.6;14;212.7;41.1
LZ2020;G3;2;29.2;276;87;1.3;13.17;22.1;13.4;226.63;33.91
LZ2020;G3;3;29.3;264;95;1.6;11.15;22.4;14.4;233.64;45.17
LZ2020;G4;1;31.5;260;120;1.4;11.88;19.2;16;179.9;33.1
LZ2020;G4;2;31.2;266;117;1.8;12.89;18.7;15.4;191.68;27.31
LZ2020;G4;3;31.3;254;125;2.3;10.92;19;16.4;197.61;36.38
LZ2020;G5;1;29.4;290;120;3.4;11.51;19.2;18;193.5;41.4
LZ2020;G5;2;29.1;296;117;2.4;12.49;18.7;17.4;206.17;34.16
LZ2020;G5;3;29.2;284;125;4.3;10.58;19;18.4;212.55;45.5
LZ2020;G6;1;29.2;270;115;2.3;11.07;18;14;149.6;38.2
LZ2020;G6;2;28.9;276;112;2;12.01;17.5;13.4;159.39;31.52
LZ2020;G6;3;29;264;120;3.2;10.17;17.8;14.4;164.33;41.98
LZ2020;G7;1;30.3;270;110;3.6;10.02;17.6;18;166.1;38.4
LZ2020;G7;2;30;276;107;4.2;10.87;17.1;17.4;176.97;31.68
LZ2020;G7;3;30.1;264;115;4.5;9.21;17.4;18.4;182.45;42.2
LZ2020;G8;1;31.3;300;130;3;10.5;18.6;14;150;36.9
LZ2020;G8;2;31;306;127;3.5;11.4;18.1;13.4;159.82;30.44
LZ2020;G8;3;31.1;294;135;3.9;9.65;18.4;14.4;164.77;40.55
LZ2020;G9;1;29.5;280;120;4;11.01;20.2;14;146.7;37.4
LZ2020;G9;2;29.2;286;117;4.6;11.94;19.7;13.4;156.3;30.86
LZ2020;G9;3;29.3;274;125;4.9;10.12;20;14.4;161.14;41.1
LZ2020;G10;1;28.2;310;120;4.8;9.28;20;16;149.8;39
LZ2020;G10;2;27.9;316;117;4.2;10.07;19.5;15.4;159.61;32.18
LZ2020;G10;3;28;304;125;5.7;8.53;19.8;16.4;164.55;42.86
LZ2020;G11;1;34.2;280;125;0.3;12.04;20;16;197.9;37.5
LZ2020;G11;2;33.9;286;122;0.9;13.06;19.5;15.4;210.86;30.94
LZ2020;G11;3;34;276;130;1.2;11.06;19.8;16.4;217.38;41.21
LZ2020;G12;1;29.4;260;130;1.5;10.62;17.2;14;131.5;36.1
LZ2020;G12;2;29.1;266;127;2.1;11.52;17.7;13.4;140.11;29.78
LZ2020;G12;3;29.2;256;135;2.4;9.76;16.8;14.4;144.45;39.67
LZ2020;G13;1;37.5;324;135;0.2;10.3;17.4;18.2;187.5;38.2
LZ2020;G13;2;37.2;330;132;0.8;11.17;17.9;17.8;199.78;31.52
LZ2020;G13;3;37.3;320;140;1.1;9.46;17;18.4;205.96;41.98
LZ2020;G14;1;36.8;325;112;0.1;11.79;18.4;17.4;213.6;38.3
LZ2020;G14;2;36.5;331;109;0.7;12.79;18.9;17;227.58;31.6
LZ2020;G14;3;36.6;321;117;1;10.84;18;17.6;234.63;42.09
LZ2020;G15;1;37.2;284;89;0.1;11.81;17.6;18.4;206.5;34.9
LZ2020;G15;2;36.9;290;86;0.7;12.82;18.1;18;220.02;28.79
LZ2020;G15;3;37;280;94;1;10.86;17.2;18.6;226.83;38.36
LZ2020;G16;1;35.2;286;101;0.2;11.63;18;17.6;204;40.4
LZ2020;G16;2;34.9;292;98;0.8;12.62;18.5;17.2;217.36;33.33
LZ2020;G16;3;35;282;106;1.1;10.69;17.6;17.8;224.08;44.4
LZ2020;G17;1;38.5;307;118;0.3;11.88;19.5;16.6;228.5;38.3
LZ2020;G17;2;38.2;313;115;0.9;12.89;20;16.2;243.46;31.6
LZ2020;G17;3;38.3;303;123;1.2;10.92;19.1;16.8;250.99;42.09
LZ2020;G18;1;33.4;286;102;0.2;11.74;20;14.8;214.2;35.4
LZ2020;G18;2;33.1;292;99;0.8;12.74;20.5;14.4;228.22;29.21
LZ2020;G18;3;33.2;282;107;1.1;10.79;19.6;15;235.29;38.9
LZ2020;G19;1;37;262;72;0;11.72;19.3;13.6;208.6;33.9
LZ2020;G19;2;36.7;268;69;0.6;12.71;19.8;13.2;222.26;27.97
LZ2020;G19;3;36.8;258;77;0.9;10.77;18.9;13.8;229.14;37.26
LZ2020;G20;1;38.2;307;98;0.1;11.1;19.2;20.4;200.2;38.7
LZ2020;G20;2;37.8;313;95;0.7;12.04;19.7;20;213.31;31.93
LZ2020;G20;3;37.9;303;103;1;10.2;18.8;20.6;219.91;42.53
LZ2020;G21;1;38.8;261;93;0;11.36;17.8;16.8;206.8;39.5
LZ2020;G21;2;38.4;265;90;0.6;12.32;18.3;16.4;220.34;32.59
LZ2020;G21;3;38.5;257;98;0.9;10.44;17.4;17;227.16;43.41
LZ2020;G22;1;35.3;297;92;0.2;10.96;21.2;17.2;206.9;32.4
LZ2020;G22;2;34.9;301;89;0.8;11.9;21.7;16.8;220.45;26.73
LZ2020;G22;3;35;293;97;1.1;10.08;20.8;17.4;227.27;35.61
LZ2020;G23;1;35.6;277;105;0.1;11.68;18.2;17.6;208.5;36.8
LZ2020;G23;2;35.2;281;102;0.7;12.68;18.7;17.2;222.15;30.36
LZ2020;G23;3;35.3;273;110;1;10.74;17.8;17.8;229.03;40.44
LZ2020;G24;1;36.1;304;100;0.2;11.37;17.5;17.6;200;41.2
LZ2020;G24;2;35.7;308;97;0.8;12.34;18;17.2;213.09;33.99
LZ2020;G24;3;35.8;300;105;1.1;10.45;17.1;17.8;219.69;45.28
LZ2020;G25;1;38.3;284;113;0;12.07;18;16.8;213.8;36.9
LZ2020;G25;2;37.9;288;110;0.6;13.09;18.5;16.4;227.8;30.44
LZ2020;G25;3;38;280;118;0.9;11.09;17.6;17;234.85;40.55
LZ2020;G26;1;37.5;278;105;1.2;10.82;18.2;19.2;182.5;37.4
LZ2020;G26;2;37.1;282;102;1.8;11.74;18.7;18.8;194.45;30.86
LZ2020;G26;3;37.2;274;110;1.5;9.95;17.8;19.4;200.47;41.1
JN2020;G1;1;25.2;305;97;1.1;7.48;19.1;17.1;182.3;32.9
JN2020;G1;2;24.8;309;94;1.7;8.11;19.6;16.7;194.24;26.48
JN2020;G1;3;24.9;301;102;2;6.87;18.7;17.3;200.25;36.35
JN2020;G2;1;24.8;295;90;0.2;8.5;18;17.2;199.9;36.9
JN2020;G2;2;24.4;299;87;0.8;9.22;18.5;16.8;212.99;29.7
JN2020;G2;3;24.5;293;95;1.1;7.81;17.6;17.4;219.58;40.77
JN2020;G3;1;26;255;80;1.1;8.09;18;18.1;185;30.7
JN2020;G3;2;25.6;259;77;1.7;8.78;18.5;17.7;197.11;24.71
JN2020;G3;3;25.7;253;85;1.5;7.44;17.6;18.3;203.21;33.92
JN2020;G4;1;26;255;80;1.1;8.98;18.3;17.2;189.5;37.1
JN2020;G4;2;25.6;259;77;1.7;9.75;18.8;16.8;201.91;29.87
JN2020;G4;3;25.7;253;85;2;8.26;17.9;17.4;208.16;41
JN2020;G5;1;26.6;270;107;1.2;8.85;17.9;16.2;175.8;33.5
JN2020;G5;2;26.2;274;104;1.8;9.6;18.4;15.8;187.31;26.97
JN2020;G5;3;26.3;268;112;2.1;8.13;17.5;16.4;193.11;37.02
JN2020;G6;1;23.5;268;107;1.2;8.93;18.4;15.2;171.8;31.4
JN2020;G6;2;23.1;272;101;1.8;9.68;18.9;14.8;183.05;25.28
JN2020;G6;3;23.2;266;112;2.1;8.2;18;15.4;188.71;34.7
JN2020;G7;1;25.3;235;60;0.5;8.77;18.3;12.5;148.5;32.2
JN2020;G7;2;24.9;239;54;1.1;9.51;18.8;12.1;158.22;25.92
JN2020;G7;3;25;233;65;1.4;8.06;17.9;12.7;163.12;35.58
JN2020;G8;1;23.3;265;85;0.9;7.28;18.7;18.9;181.3;33.3
JN2020;G8;2;22.9;269;79;1.5;7.9;19.2;18.5;193.17;26.81
JN2020;G8;3;23;263;90;1.8;6.69;18.3;19.1;199.15;36.8
JN2020;G9;1;29.8;234;90;0.8;8.79;17.7;15.2;169.4;34.4
JN2020;G9;2;29.4;238;84;1.4;9.54;18.2;14.8;180.49;27.69
JN2020;G9;3;29.5;232;95;1.7;8.08;17.3;15.4;186.08;38.01
JN2020;G10;1;29.3;275;80;0.8;8.31;20.2;15.2;165.8;31.9
JN2020;G10;2;28.9;279;74;1.4;9.02;20.7;14.8;176.65;25.68
JN2020;G10;3;29;273;85;1.7;7.64;19.8;15.4;182.12;35.25
JN2020;G11;1;26.8;270;100;0.7;8.81;19.8;19.2;170.1;25.9
JN2020;G11;2;26.4;274;94;1.3;9.56;20.3;18.8;181.24;20.85
JN2020;G11;3;26.4;268;105;1.6;8.1;19.4;19.4;186.85;28.62
JN2020;G12;1;26.7;285;92;1.3;8.78;18.8;16;187.5;37.2
JN2020;G12;2;26.3;289;86;1.9;9.52;19.3;15.6;199.78;29.95
JN2020;G12;3;26.3;283;97;1.2;8.06;18.4;16.2;205.96;41.11
JN2020;G13;1;26.8;265;100;0.3;8.99;19.8;15.2;192.9;37.1
JN2020;G13;2;26.4;269;94;1;9.76;20.3;14.8;205.53;29.87
JN2020;G13;3;26.4;263;105;1.2;8.26;19.4;15.4;211.89;41
JN2020;G14;1;26.4;280;90;1.5;7.6;16.5;17.2;140.6;29.3
JN2020;G14;2;26;284;84;1.2;8.25;17;16.8;149.81;23.59
JN2020;G14;3;26;278;95;2.1;6.99;16.1;17.4;154.44;32.38
JN2020;G15;1;28.3;285;122;0.6;8.69;17.2;15.1;171;34
JN2020;G15;2;28.1;289;116;1.3;9.43;17.7;14.7;182.2;27.37
JN2020;G15;3;28.1;283;127;0;7.99;16.8;15.3;187.83;37.57
JN2020;G16;1;26.1;265;96;1.2;7.95;19.9;15.1;183.9;33
JN2020;G16;2;25.9;269;90;1.9;8.63;20.4;14.7;195.94;26.57
JN2020;G16;3;25.9;263;101;0;7.31;19.5;15.3;202;36.47
JN2020;G17;1;24.3;280;97;1.2;7.61;19;16.1;175.5;34.6
JN2020;G17;2;24.1;284;91;1.9;8.26;19.5;15.5;159.1;27.85
JN2020;G17;3;24.1;278;102;1.5;6.99;18.6;16.3;180.49;38.23
JN2020;G18;1;29.5;265;104;0.3;8.9;17.8;15.1;168.4;33.5
JN2020;G18;2;29.3;272;98;1;9.66;18.3;14.5;152.66;26.97
JN2020;G18;3;29.3;263;109;0.7;8.18;17.4;15.3;173.19;37.02
JN2020;G19;1;25.3;260;107;0.1;8.19;15.6;15.6;179.8;34.5
JN2020;G19;2;25.1;267;101;0.8;8.88;16.1;15;163;27.77
JN2020;G19;3;25.1;258;112;0.5;7.52;15.2;15.8;184.91;38.12
JN2020;G20;1;27.9;300;100;2.5;12.25;20.5;16;193.8;34.6
JN2020;G20;2;27.7;307;94;2.1;13.29;21;15.4;175.69;27.85
JN2020;G20;3;27.7;295;105;2.9;11.26;20.1;16.2;199.31;38.23
JN2020;G21;1;27.1;310;95;0;9.96;19.5;14;186.7;35.1
JN2020;G21;2;26.9;317;89;0.7;10.81;20;13.4;169.25;28.26
JN2020;G21;3;26.5;305;100;0.4;9.15;19.1;14.2;192.01;38.79
JN2020;G22;1;28.2;255;85;1;10.93;18.5;16;204.3;33.6
JN2020;G22;2;28;262;79;1.7;11.86;19;15.4;185.21;27.05
JN2020;G22;3;27.6;250;90;1.4;10.05;18.1;16.2;210.11;37.13
JN2020;G23;1;26.4;270;95;0;11.18;18.5;16;241.3;41.9
JN2020;G23;2;26.2;277;89;0.7;12.13;19;15.4;218.75;33.73
JN2020;G23;3;25.8;265;100;0.4;10.28;18.1;16.2;248.16;46.3
JN2020;G24;1;27.9;290;100;1.5;11.13;20;16;197;34.2
JN2020;G24;2;27.7;297;94;2.2;12.08;20.5;15.4;178.59;27.53
JN2020;G24;3;27.3;285;105;1.9;10.23;19.6;16.2;202.6;37.79
JN2020;G25;1;27.2;270;90;1;10.54;18;12;144.5;34.4
JN2020;G25;2;27;277;84;1.7;11.43;18.5;11.4;131;27.69
JN2020;G25;3;26.6;265;95;1.4;9.68;17.6;12.2;148.61;38.01
JN2020;G26;1;27.9;260;80;0;10.25;19;12;167;34.8
JN2020;G26;2;27.7;267;74;0.7;11.12;19.5;11.4;151.39;28.01
JN2020;G26;3;27.3;255;85;0.4;9.42;18.6;12.2;171.75;38.45
DZ2020;G1;1;27.3;262;101;0.8;12.63;18.4;16;187.1;37.4
DZ2020;G1;2;27.1;269;95;0.3;13.7;19.1;15.4;169.61;30.11
DZ2020;G1;3;26.7;259;106;1.2;11.61;17.8;16.2;192.42;41.33
DZ2020;G2;1;27.8;238;81;0.5;12.35;17.6;16.4;183;34.1
DZ2020;G2;2;27.6;245;75;0.3;13.4;18.3;15.8;165.9;27.45
DZ2020;G2;3;27.4;235;86;0.9;11.35;17;16.6;188.21;37.68
DZ2020;G3;1;27.2;222;79;2;11.23;16.8;17.8;166.4;32
DZ2020;G3;2;27;229;73;1.2;12.19;17.5;17.2;150.85;25.76
DZ2020;G3;3;26.8;219;84;2.4;10.32;16.2;18;171.13;35.36
DZ2020;G4;1;26.4;229;87;1.9;10.82;15.9;16.6;160.3;30
DZ2020;G4;2;26.2;236;81;1.5;11.74;16.6;16;145.32;24.15
DZ2020;G4;3;26;226;92;2.3;9.94;15.3;16.8;164.86;33.15
DZ2020;G5;1;27.3;225;61;0.8;13.16;19.2;16.2;194.9;35.3
DZ2020;G5;2;27.1;229;55;0.3;14.27;19.9;15.6;176.69;28.42
DZ2020;G5;3;26.9;222;66;1.2;12.09;18.6;16.4;200.44;39.01
DZ2020;G6;1;27.3;281;101;1.2;10.15;17.5;14.4;150.4;33.3
DZ2020;G6;2;27.1;285;95;0.6;11.02;18.2;13.8;136.34;26.81
DZ2020;G6;3;26.9;278;106;1.6;9.33;16.9;14.6;154.68;36.8
DZ2020;G7;1;27.4;245;87;1.2;10.64;17.4;12.6;157.7;33.4
DZ2020;G7;2;27.2;249;81;0.8;11.55;18.1;12;142.96;26.89
DZ2020;G7;3;27;242;92;1.6;9.78;16.8;12.8;162.19;36.91
DZ2020;G8;1;28.3;246;75;0.4;11.75;18.2;17;174;36
DZ2020;G8;2;28.1;250;69;0.8;12.74;18.9;16.4;157.74;28.98
DZ2020;G8;3;27.9;249;80;0.8;10.79;17.6;17.2;178.95;39.78
DZ2020;G9;1;28.4;220;77;0;10.85;15.6;17.6;160.8;38.4
DZ2020;G9;2;28.2;224;71;0.4;11.78;16.3;17;145.77;30.91
DZ2020;G9;3;28;223;82;0.4;9.97;15;17.8;165.37;42.43
DZ2020;G10;1;30;245;84;0;12.23;19.4;14.2;181.2;35.8
DZ2020;G10;2;29.8;249;78;0.4;13.27;20.1;13.6;164.27;28.82
DZ2020;G10;3;29.6;248;89;0.4;11.24;18.8;14.4;186.35;39.56
DZ2020;G11;1;27.2;228;81;0.8;11.23;15.8;18.4;187.5;25.1
DZ2020;G11;2;27.5;232;75;1.2;12.18;16.5;17.8;169.98;20.21
DZ2020;G11;3;27.3;231;86;1.2;10.32;15.2;18.6;192.83;27.74
DZ2020;G12;1;27.4;235;71;2.8;12.12;16;16.4;179.6;36.3
DZ2020;G12;2;27.7;239;65;3.2;13.15;16.7;15.8;162.82;29.22
DZ2020;G12;3;27.5;238;76;3.2;11.14;15.4;16.6;184.71;40.11
DZ2020;G13;1;27.6;231;71;0.7;12.95;16.8;14.4;191.8;33.6
DZ2020;G13;2;27.9;235;65;1.1;14.05;17.5;13.8;173.88;27.05
DZ2020;G13;3;27.7;234;76;1.1;11.9;16.2;14.6;197.26;37.13
DZ2020;G14;1;30.1;285;83;3.2;11.64;18.2;16.8;172.4;33.6
DZ2020;G14;2;30.4;289;77;2.8;12.63;18.9;16.2;156.29;27.05
DZ2020;G14;3;30.2;288;88;3.6;10.7;17.6;17;177.3;37.13
DZ2020;G15;1;28.1;269;102;0.5;12.86;18.1;14.6;190.5;38.1
DZ2020;G15;2;28.4;273;96;0.9;13.95;18.8;14;172.7;30.67
DZ2020;G15;3;28.2;272;107;0.9;11.81;17.5;14.8;195.92;42.1
DZ2020;G16;1;28.5;237;95;0.8;10.96;19.5;15.2;195.6;37.8
DZ2020;G16;2;28.8;241;89;1.2;11.9;20.2;14.6;177.32;30.43
DZ2020;G16;3;28.6;240;100;1.2;10.08;18.9;15.4;201.16;41.77
DZ2020;G17;1;27.7;285;83;1.2;11.94;16.5;15.6;176.9;34.9
DZ2020;G17;2;28;289;77;1.6;12.95;17.2;15;160.37;28.09
DZ2020;G17;3;27.8;288;88;1.6;10.97;15.9;15.8;181.93;38.56
DZ2020;G18;1;32.8;217;78;0;12.66;16.4;15.6;187.5;31.3
DZ2020;G18;2;33.1;221;74;0.4;13.73;17.1;15.2;169.98;25.2
DZ2020;G18;3;32.9;220;83;0.4;11.63;15.8;15.8;192.83;34.59
DZ2020;G19;1;30.2;241;101;0.6;11.26;16.5;14.4;166.8;33.4
DZ2020;G19;2;30.5;245;97;1;12.22;16.8;14;151.21;26.89
DZ2020;G19;3;30.3;244;106;1;10.35;17.1;14.6;171.54;36.91
DZ2020;G20;1;38.4;322;136;0;11.07;15.6;15.8;181.5;35.5
DZ2020;G20;2;38;326;133;0.6;12.01;16.1;15.4;193.38;28.58
DZ2020;G20;3;38.1;318;141;0.9;10.18;15.2;16;199.37;39.23
DZ2020;G21;1;37.8;263;108;0.3;10.36;20.4;15.8;189;39.2
DZ2020;G21;2;37.4;267;105;0.9;11.24;20.9;15.4;201.37;31.56
DZ2020;G21;3;37.5;259;113;1.2;9.52;20;16;207.61;43.32
DZ2020;G22;1;36.8;324;121;0;10.26;18.5;18;194.8;37.4
DZ2020;G22;2;36.4;328;118;0.6;11.13;19;17.6;207.55;30.11
DZ2020;G22;3;36.5;320;126;0.9;9.43;18.1;18.2;213.98;41.33
DZ2020;G23;1;38.8;289;107;0.1;11.85;18.7;14.6;209.2;39.5
DZ2020;G23;2;38.4;293;104;0.7;12.86;19.2;14.2;222.9;31.8
DZ2020;G23;3;38.5;285;112;1;10.89;18.3;14.8;229.79;43.65
DZ2020;G24;1;37.8;276;125;0;11.03;16.2;16;212.9;41
DZ2020;G24;2;37.4;280;122;0.6;11.97;16.7;15.6;226.84;33.01
DZ2020;G24;3;37.5;272;130;0.9;10.14;15.8;16.2;233.86;45.31
DZ2020;G25;1;32.1;230;74;0;9.46;17.6;14.4;166.6;35.3
DZ2020;G25;2;31.8;236;71;0.4;10.27;17.1;14.8;150.57;33.54
DZ2020;G25;3;32.3;228;79;0.8;8.7;18.2;14.6;157.12;37.91
DZ2020;G26;1;29.1;260;82;0;8.52;18.5;15.2;142.6;33
DZ2020;G26;2;28.8;266;79;0.4;9.24;18;15.6;128.88;31.35
DZ2020;G26;3;29.3;258;87;0.8;7.83;19.1;15.4;134.49;35.44
NY2020;G1;1;30.4;200;105;0.2;11.55;19.9;14.7;171.1;31.8
NY2020;G1;2;30.7;204;101;0.6;12.54;20.2;14.3;155.11;25.6
NY2020;G1;3;30.5;203;110;0.6;10.62;20.5;14.8;175.97;35.14
NY2020;G2;1;28.7;255;73;0;10.59;16.8;16.7;189.3;31.1
NY2020;G2;2;29;259;69;0.4;11.49;17.1;16.3;171.61;25.04
NY2020;G2;3;28.8;258;78;0.4;9.73;17.4;16.8;194.68;34.37
NY2020;G3;1;29.5;195;72;0;11.82;15.9;17;175;31.5
NY2020;G3;2;29.8;199;68;0.4;12.82;16.2;16.6;158.65;25.36
NY2020;G3;3;29.6;198;77;0.4;10.86;16.5;17.2;179.98;34.81
NY2020;G4;1;30.4;220;90;0.2;11.86;17.5;16;175.7;30.3
NY2020;G4;2;30.7;224;86;0.6;12.87;17.8;15.6;159.28;24.39
NY2020;G4;3;30.5;223;95;0.6;10.9;18.1;16.2;180.7;33.48
NY2020;G5;1;27.3;250;105;0.3;12.13;19.2;16;179.7;31.1
NY2020;G5;2;27.6;254;101;0.7;13.16;19.5;15.6;162.91;25.04
NY2020;G5;3;27.4;253;110;0.7;11.15;19.8;16.2;184.81;34.37
NY2020;G6;1;29.1;225;92;0;10.54;16.4;16.7;156.1;29.8
NY2020;G6;2;29.4;229;88;0;11.43;16.7;16.3;141.51;23.99
NY2020;G6;3;29.2;228;97;0.4;9.68;17;16.6;160.54;32.93
NY2020;G7;1;30.1;230;55;0;10.1;16.9;15;149.8;28.2
NY2020;G7;2;30.4;234;51;0;10.96;17.2;14.6;135.8;22.7
NY2020;G7;3;30.2;233;60;0.4;9.28;17.5;15.2;154.06;31.16
NY2020;G8;1;28.1;303;128;2.4;5.3;16.8;15.8;104.2;24.4
NY2020;G8;2;28.3;306;124;3;5.75;17.1;15.4;94.46;23.34
NY2020;G8;3;28.6;308;133;2.8;4.87;17.4;16;107.16;26.78
NY2020;G9;1;31.5;306;119;1.5;6.77;15.8;18;129.4;29.4
NY2020;G9;2;31.7;309;115;2.1;7.35;16.1;17.6;117.31;28.12
NY2020;G9;3;32;311;124;1.9;6.22;16.4;17.4;133.08;32.27
NY2020;G10;1;29.5;261;108;2.2;7.08;16.6;17.8;155.6;32.4
NY2020;G10;2;29.7;264;104;2.8;7.68;16.8;17.4;141.06;30.99
NY2020;G10;3;30;266;113;2.6;6.5;17.1;17.2;160.03;35.56
NY2020;G11;1;29.7;269;114;1.7;7.86;17.3;16.8;154.4;39.3
NY2020;G11;2;29.9;272;110;2.3;8.52;17.5;16.4;139.97;37.59
NY2020;G11;3;30.2;274;119;2.1;7.22;17.8;16.8;158.79;43.13
NY2020;G12;1;29.4;260;115;2.6;6.22;16.1;15.8;159.1;29.8
NY2020;G12;2;29.6;263;111;3.2;6.75;16.3;15.4;144.23;28.5
NY2020;G12;3;29.9;265;120;3;5.72;16.6;15.6;163.63;32.71
NY2020;G13;1;29;260;107;1.5;7.11;16.7;14.2;126.7;30
NY2020;G13;2;29.2;263;103;2.1;7.71;16.9;14.8;114.86;28.7
NY2020;G13;3;29.5;265;112;1.9;6.53;17.2;15;130.3;32.93
NY2020;G14;1;30;248;89;2.4;7.04;16.2;14.2;178.9;34.1
NY2020;G14;2;30.2;251;85;3;7.64;16.4;14.8;194.46;32.62
NY2020;G14;3;30.5;253;94;2.8;6.47;16.7;15;183.99;37.42
NY2020;G15;1;28.4;288;108;0;6.3;20;18;187.3;31
NY2020;G15;2;28.6;291;104;0.6;6.84;20.2;17.6;203.6;29.65
NY2020;G15;3;28.9;293;113;0.4;5.79;20.5;17.4;192.63;34.02
NY2020;G16;1;32.1;260;104;1.5;7.48;15.5;14.4;136.2;35.8
NY2020;G16;2;32.3;263;100;2.1;8.11;15.7;14;148.05;34.24
NY2020;G16;3;32.6;265;109;1.9;6.87;16;14.8;140.07;39.29
NY2020;G17;1;27.9;250;93;1.9;7.74;17.2;14.2;148.7;32
NY2020;G17;2;28.1;253;86;2.5;8.4;17.4;14;161.64;30.61
NY2020;G17;3;28.4;255;99;2.3;7.11;17.7;14.36;152.93;35.12
NY2020;G18;1;26.9;274;112;1.2;5.89;15.4;14.2;186.2;24.5
NY2020;G18;2;27.1;277;105;1.8;6.39;15.6;13.8;202.4;23.43
NY2020;G18;3;27.4;279;118;1.6;5.41;15.9;14.4;191.5;26.89
NY2020;G19;1;30.7;276;114;1;6.65;14.9;17.2;189.3;27.7
NY2020;G19;2;31.1;272;107;1.6;7.22;15.1;16.8;205.77;26.5
NY2020;G19;3;31.4;281;120;1.4;6.11;15.4;16.2;194.68;30.4
NY2020;G20;1;33.4;268;113;1;7.63;16.7;15;172.5;34.5
NY2020;G20;2;33.8;264;106;1.6;8.28;16.9;14.6;187.51;33
NY2020;G20;3;34.1;273;119;1.4;7.01;17.2;14.8;177.41;37.86
NY2020;G21;1;30.3;276;118;1;7.59;15.7;18.6;145.6;28.2
NY2020;G21;2;30.7;272;111;1.6;8.23;15.9;18.2;158.27;26.97
NY2020;G21;3;31.1;282;124;1.4;6.97;16.2;18;149.74;30.95
NY2020;G22;1;29.4;290;143;0.7;6.23;16.1;15.8;165.2;27.5
NY2020;G22;2;29.8;286;136;1.3;6.75;16.3;15.4;179.57;26.3
NY2020;G22;3;30.2;296;149;1.1;5.72;16.6;15.8;169.9;30.18
NY2020;G23;1;29.8;260;111;2.8;7.68;17.9;14.8;136.1;32.7
NY2020;G23;2;30.2;256;104;3.4;8.33;18.1;14.4;147.94;31.28
NY2020;G23;3;30.6;266;117;3.2;7.06;18.4;15.2;139.97;35.89
NY2020;G24;1;32.4;322;130;0.2;6.71;18.5;16.8;126.6;31.5
NY2020;G24;2;32.8;318;123;0.8;7.28;18.7;16.4;137.61;30.13
NY2020;G24;3;33.2;328;136;0.6;6.17;19;16.2;130.2;34.57
NY2020;G25;1;29.1;273;114;1.7;6.67;16.8;15.4;130.1;30.5
NY2020;G25;2;29.5;269;107;2.3;7.23;17;15;141.42;29.17
NY2020;G25;3;29.9;279;120;2.1;6.13;17.3;15.8;133.8;33.47
NY2020;G26;1;28.2;274;120;2.9;6.74;18;15;185.4;35.9
NY2020;G26;2;28;270;113;3.5;7.31;18.2;15.6;201.53;34.34
NY2020;G26;3;28.4;280;126;3.3;6.19;18.5;15.2;190.67;39.4
